number,name,type,district,party,candidate,total,,
1012,Airport,poll,35,,Registered,995,,
1022,Allyn,poll,35,,Registered,894,,
1032,Arcadia,poll,35,,Registered,461,,
3072,Bayshore,poll,35,,Registered,705,,
3082,Belfair 1,poll,35,,Registered,1139,,
1042,Belfair 2,poll,35,,Registered,624,,
1052,Belfair 3,poll,35,,Registered,691,,
1062,Belfair 4,poll,35,,Registered,1014,,
1072,Belfair 5,poll,35,,Registered,435,,
3012,Belfair 6,poll,35,,Registered,549,,
1082,Capitol Hill,poll,35,,Registered,559,,
1092,Cloquallum,poll,35,,Registered,545,,
3052,Cushman,poll,35,,Registered,885,,
1102,Dayton,poll,35,,Registered,515,,
3023,Dewatto,vbm,35,,Registered,699,,
1112,Eells,poll,35,,Registered,335,,
1122,Grapeview,poll,35,,Registered,1070,,
1132,Harstine,poll,35,,Registered,949,,
1142,Hoodsport,poll,35,,Registered,684,,
1152,Isabella,poll,35,,Registered,626,,
1162,Kamilche 1,poll,35,,Registered,919,,
1172,Kamilche 2,poll,35,,Registered,1092,,
1183,Lake,vbm,35,,Registered,739,,
3092,Lakeland,poll,35,,Registered,621,,
1193,Lilliwaup,vbm,35,,Registered,486,,
1202,Matlock,poll,35,,Registered,327,,
1212,Mill Creek,poll,35,,Registered,557,,
1222,Miller,poll,35,,Registered,808,,
1232,Mt View,poll,35,,Registered,393,,
1242,Northside,poll,35,,Registered,935,,
3033,Oakland,vbm,35,,Registered,249,,
1252,Pickering,poll,35,,Registered,1067,,
1262,Potlatch,poll,35,,Registered,52,,
1272,Satsop,poll,35,,Registered,249,,
1282,Skokomish,poll,35,,Registered,329,,
3042,Southside,poll,35,,Registered,957,,
1293,Tahuya,vbm,35,,Registered,628,,
3062,Timberlake,poll,35,,Registered,789,,
1302,Union,poll,35,,Registered,1129,,
1312,Victor,poll,35,,Registered,443,,
1322,Westside,poll,35,,Registered,265,,
2012,Shelton 01,poll,35,,Registered,77,,
2022,Shelton 02,poll,35,,Registered,130,,
2032,Shelton 03,poll,35,,Registered,223,,
2042,Shelton 04,poll,35,,Registered,191,,
2052,Shelton 05,poll,35,,Registered,321,,
2062,Shelton 06,poll,35,,Registered,140,,
2072,Shelton 07,poll,35,,Registered,330,,
2082,Shelton 08,poll,35,,Registered,172,,
2092,Shelton 09,poll,35,,Registered,152,,
2102,Shelton 10,poll,35,,Registered,182,,
2112,Shelton 11,poll,35,,Registered,236,,
2122,Shelton 12,poll,35,,Registered,135,,
2132,Shelton 13,poll,35,,Registered,454,,
2142,Shelton 14,poll,35,,Registered,253,,
2152,Shelton 15,poll,35,,Registered,150,,
2162,Shelton 16,poll,35,,Registered,814,,
1011,Airport,absentee,35,,Registered,0,,
1021,Allyn,absentee,35,,Registered,0,,
1031,Arcadia,absentee,35,,Registered,0,,
3071,Bayshore,absentee,35,,Registered,0,,
3081,Belfair 1,absentee,35,,Registered,0,,
1041,Belfair 2,absentee,35,,Registered,0,,
1051,Belfair 3,absentee,35,,Registered,0,,
1061,Belfair 4,absentee,35,,Registered,0,,
1071,Belfair 5,absentee,35,,Registered,0,,
3011,Belfair 6,absentee,35,,Registered,0,,
1081,Capitol Hill,absentee,35,,Registered,0,,
1091,Cloquallum,absentee,35,,Registered,0,,
3051,Cushman,absentee,35,,Registered,0,,
1101,Dayton,absentee,35,,Registered,0,,
1111,Eells,absentee,35,,Registered,0,,
1121,Grapeview,absentee,35,,Registered,0,,
1131,Harstine,absentee,35,,Registered,0,,
1141,Hoodsport,absentee,35,,Registered,0,,
1151,Isabella,absentee,35,,Registered,0,,
1161,Kamilche 1,absentee,35,,Registered,0,,
1171,Kamilche 2,absentee,35,,Registered,0,,
3091,Lakeland,absentee,35,,Registered,0,,
1201,Matlock,absentee,35,,Registered,0,,
1211,Mill Creek,absentee,35,,Registered,0,,
1221,Miller,absentee,35,,Registered,0,,
1231,Mt View,absentee,35,,Registered,0,,
1241,Northside,absentee,35,,Registered,0,,
1251,Pickering,absentee,35,,Registered,0,,
1261,Potlatch,absentee,35,,Registered,0,,
1271,Satsop,absentee,35,,Registered,0,,
1281,Skokomish,absentee,35,,Registered,0,,
3041,Southside,absentee,35,,Registered,0,,
3061,Timberlake,absentee,35,,Registered,0,,
1301,Union,absentee,35,,Registered,0,,
1311,Victor,absentee,35,,Registered,0,,
1321,Westside,absentee,35,,Registered,0,,
2011,Shelton 01,absentee,35,,Registered,0,,
2021,Shelton 02,absentee,35,,Registered,0,,
2031,Shelton 03,absentee,35,,Registered,0,,
2041,Shelton 04,absentee,35,,Registered,0,,
2051,Shelton 05,absentee,35,,Registered,0,,
2061,Shelton 06,absentee,35,,Registered,0,,
2071,Shelton 07,absentee,35,,Registered,0,,
2081,Shelton 08,absentee,35,,Registered,0,,
2091,Shelton 09,absentee,35,,Registered,0,,
2101,Shelton 10,absentee,35,,Registered,0,,
2111,Shelton 11,absentee,35,,Registered,0,,
2121,Shelton 12,absentee,35,,Registered,0,,
2131,Shelton 13,absentee,35,,Registered,0,,
2141,Shelton 14,absentee,35,,Registered,0,,
2151,Shelton 15,absentee,35,,Registered,0,,
2161,Shelton 16,absentee,35,,Registered,0,,
985,Service Voters,vbm,,,Registered,15,,
101,Airport,,,,Registered,995,,
102,Allyn,,,,Registered,894,,
103,Arcadia,,,,Registered,461,,
307,Bayshore,,,,Registered,705,,
308,Belfair 1,,,,Registered,1139,,
104,Belfair 2,,,,Registered,624,,
105,Belfair 3,,,,Registered,691,,
106,Belfair 4,,,,Registered,1014,,
107,Belfair 5,,,,Registered,435,,
301,Belfair 6,,,,Registered,549,,
108,Capitol Hill,,,,Registered,559,,
109,Cloquallum,,,,Registered,545,,
305,Cushman,,,,Registered,885,,
110,Dayton,,,,Registered,515,,
302,Dewatto,,,,Registered,699,,
111,Eells,,,,Registered,335,,
112,Grapeview,,,,Registered,1070,,
113,Harstine,,,,Registered,949,,
114,Hoodsport,,,,Registered,684,,
115,Isabella,,,,Registered,626,,
116,Kamilche 1,,,,Registered,919,,
117,Kamilche 2,,,,Registered,1092,,
118,Lake,,,,Registered,739,,
309,Lakeland,,,,Registered,621,,
119,Lilliwaup,,,,Registered,486,,
120,Matlock,,,,Registered,327,,
121,Mill Creek,,,,Registered,557,,
122,Miller,,,,Registered,808,,
123,Mt View,,,,Registered,393,,
124,Northside,,,,Registered,935,,
303,Oakland,,,,Registered,249,,
125,Pickering,,,,Registered,1067,,
126,Potlatch,,,,Registered,52,,
127,Satsop,,,,Registered,249,,
128,Skokomish,,,,Registered,329,,
304,Southside,,,,Registered,957,,
129,Tahuya,,,,Registered,628,,
306,Timberlake,,,,Registered,789,,
130,Union,,,,Registered,1129,,
131,Victor,,,,Registered,443,,
132,Westside,,,,Registered,265,,
201,Shelton 01,,,,Registered,77,,
202,Shelton 02,,,,Registered,130,,
203,Shelton 03,,,,Registered,223,,
204,Shelton 04,,,,Registered,191,,
205,Shelton 05,,,,Registered,321,,
206,Shelton 06,,,,Registered,140,,
207,Shelton 07,,,,Registered,330,,
208,Shelton 08,,,,Registered,172,,
209,Shelton 09,,,,Registered,152,,
210,Shelton 10,,,,Registered,182,,
211,Shelton 11,,,,Registered,236,,
212,Shelton 12,,,,Registered,135,,
213,Shelton 13,,,,Registered,454,,
214,Shelton 14,,,,Registered,253,,
215,Shelton 15,,,,Registered,150,,
216,Shelton 16,,,,Registered,814,,
985,Service Voters,,,,Registered,15,,
MASON WA,MASON WA,,,,Registered,31383,,
number,name,office,type,party,candidate,total,machine,hand
1012,Airport,,poll,,Ballots,310,310,310
1022,Allyn,,poll,,Ballots,159,150,150
1032,Arcadia,,poll,,Ballots,122,122,122
3072,Bayshore,,poll,,Ballots,173,173,173
3082,Belfair 1,,poll,,Ballots,294,294,294
1042,Belfair 2,,poll,,Ballots,185,185,185
1052,Belfair 3,,poll,,Ballots,208,208,208
1062,Belfair 4,,poll,,Ballots,310,310,310
1072,Belfair 5,,poll,,Ballots,154,154,154
3012,Belfair 6,,poll,,Ballots,170,170,170
1082,Capitol Hill,,poll,,Ballots,166,166,166
1092,Cloquallum,,poll,,Ballots,169,169,169
3052,Cushman,,poll,,Ballots,176,176,176
1102,Dayton,,poll,,Ballots,188,188,188
3023,Dewatto,,vbm,,Ballots,547,547,547
1112,Eells,,poll,,Ballots,121,121,121
1122,Grapeview,,poll,,Ballots,300,300,300
1132,Harstine,,poll,,Ballots,301,301,301
1142,Hoodsport,,poll,,Ballots,99,99,99
1152,Isabella,,poll,,Ballots,157,157,157
1162,Kamilche 1,,poll,,Ballots,283,283,283
1172,Kamilche 2,,poll,,Ballots,335,335,335
1183,Lake,,vbm,,Ballots,640,640,640
3092,Lakeland,,poll,,Ballots,147,147,147
1193,Lilliwaup,,vbm,,Ballots,435,435,435
1202,Matlock,,poll,,Ballots,150,150,150
1212,Mill Creek,,poll,,Ballots,162,162,162
1222,Miller,,poll,,Ballots,236,236,236
1232,Mt View,,poll,,Ballots,127,127,127
1242,Northside,,poll,,Ballots,261,261,261
3033,Oakland,,vbm,,Ballots,203,203,203
1252,Pickering,,poll,,Ballots,289,289,289
1262,Potlatch,,poll,,Ballots,15,15,15
1272,Satsop,,poll,,Ballots,63,63,63
1282,Skokomish,,poll,,Ballots,128,128,128
3042,Southside,,poll,,Ballots,337,337,337
1293,Tahuya,,vbm,,Ballots,526,526,526
3062,Timberlake,,poll,,Ballots,206,206,206
1302,Union,,poll,,Ballots,258,258,258
1312,Victor,,poll,,Ballots,111,111,111
1322,Westside,,poll,,Ballots,96,96,96
2012,Shelton 01,,poll,,Ballots,24,24,24
2022,Shelton 02,,poll,,Ballots,47,47,47
2032,Shelton 03,,poll,,Ballots,64,64,64
2042,Shelton 04,,poll,,Ballots,70,70,70
2052,Shelton 05,,poll,,Ballots,115,115,115
2062,Shelton 06,,poll,,Ballots,41,41,41
2072,Shelton 07,,poll,,Ballots,134,134,134
2082,Shelton 08,,poll,,Ballots,60,60,60
2092,Shelton 09,,poll,,Ballots,58,58,58
2102,Shelton 10,,poll,,Ballots,62,63,63
2112,Shelton 11,,poll,,Ballots,76,76,76
2122,Shelton 12,,poll,,Ballots,33,33,33
2132,Shelton 13,,poll,,Ballots,135,135,135
2142,Shelton 14,,poll,,Ballots,94,94,94
2152,Shelton 15,,poll,,Ballots,54,54,54
2162,Shelton 16,,poll,,Ballots,209,209,209
1011,Airport,,absentee,,Ballots,503,503,503
1021,Allyn,,absentee,,Ballots,642,651,651
1031,Arcadia,,absentee,,Ballots,275,275,275
3071,Bayshore,,absentee,,Ballots,371,371,371
3081,Belfair 1,,absentee,,Ballots,681,681,681
1041,Belfair 2,,absentee,,Ballots,326,326,326
1051,Belfair 3,,absentee,,Ballots,386,388,388
1061,Belfair 4,,absentee,,Ballots,517,517,517
1071,Belfair 5,,absentee,,Ballots,207,207,207
3011,Belfair 6,,absentee,,Ballots,252,252,252
1081,Capitol Hill,,absentee,,Ballots,283,283,283
1091,Cloquallum,,absentee,,Ballots,292,292,292
3051,Cushman,,absentee,,Ballots,592,592,592
1101,Dayton,,absentee,,Ballots,229,229,229
1111,Eells,,absentee,,Ballots,146,146,146
1121,Grapeview,,absentee,,Ballots,633,633,633
1131,Harstine,,absentee,,Ballots,554,554,554
1141,Hoodsport,,absentee,,Ballots,229,229,229
1151,Isabella,,absentee,,Ballots,345,345,345
1161,Kamilche 1,,absentee,,Ballots,448,448,448
1171,Kamilche 2,,absentee,,Ballots,591,591,591
3091,Lakeland,,absentee,,Ballots,406,407,407
1201,Matlock,,absentee,,Ballots,126,126,126
1211,Mill Creek,,absentee,,Ballots,279,279,279
1221,Miller,,absentee,,Ballots,420,420,420
1231,Mt View,,absentee,,Ballots,192,192,192
1241,Northside,,absentee,,Ballots,556,556,556
1251,Pickering,,absentee,,Ballots,619,619,619
1261,Potlatch,,absentee,,Ballots,34,34,34
1271,Satsop,,absentee,,Ballots,120,120,120
1281,Skokomish,,absentee,,Ballots,126,126,126
3041,Southside,,absentee,,Ballots,429,429,429
3061,Timberlake,,absentee,,Ballots,445,445,445
1301,Union,,absentee,,Ballots,753,753,753
1311,Victor,,absentee,,Ballots,267,267,267
1321,Westside,,absentee,,Ballots,115,115,115
2011,Shelton 01,,absentee,,Ballots,34,34,34
2021,Shelton 02,,absentee,,Ballots,60,60,60
2031,Shelton 03,,absentee,,Ballots,99,99,99
2041,Shelton 04,,absentee,,Ballots,72,72,72
2051,Shelton 05,,absentee,,Ballots,150,150,150
2061,Shelton 06,,absentee,,Ballots,58,58,58
2071,Shelton 07,,absentee,,Ballots,139,139,139
2081,Shelton 08,,absentee,,Ballots,59,59,59
2091,Shelton 09,,absentee,,Ballots,55,55,55
2101,Shelton 10,,absentee,,Ballots,83,82,82
2111,Shelton 11,,absentee,,Ballots,112,112,112
2121,Shelton 12,,absentee,,Ballots,60,60,60
2131,Shelton 13,,absentee,,Ballots,198,198,198
2141,Shelton 14,,absentee,,Ballots,121,121,121
2151,Shelton 15,,absentee,,Ballots,79,79,79
2161,Shelton 16,,absentee,,Ballots,459,459,459
985,Service Voters,,vbm,,Ballots,16,16,16
101,Airport,,,,Ballots,813,813,813
102,Allyn,,,,Ballots,801,801,801
103,Arcadia,,,,Ballots,397,397,397
307,Bayshore,,,,Ballots,544,544,544
308,Belfair 1,,,,Ballots,975,975,975
104,Belfair 2,,,,Ballots,511,511,511
105,Belfair 3,,,,Ballots,594,596,596
106,Belfair 4,,,,Ballots,827,827,827
107,Belfair 5,,,,Ballots,361,361,361
301,Belfair 6,,,,Ballots,422,422,422
108,Capitol Hill,,,,Ballots,449,449,449
109,Cloquallum,,,,Ballots,461,461,461
305,Cushman,,,,Ballots,768,768,768
110,Dayton,,,,Ballots,417,417,417
302,Dewatto,,,,Ballots,547,547,547
111,Eells,,,,Ballots,267,267,267
112,Grapeview,,,,Ballots,933,933,933
113,Harstine,,,,Ballots,855,855,855
114,Hoodsport,,,,Ballots,328,328,328
115,Isabella,,,,Ballots,502,502,502
116,Kamilche 1,,,,Ballots,731,731,731
117,Kamilche 2,,,,Ballots,926,926,926
118,Lake,,,,Ballots,640,640,640
309,Lakeland,,,,Ballots,553,554,554
119,Lilliwaup,,,,Ballots,435,435,435
120,Matlock,,,,Ballots,276,276,276
121,Mill Creek,,,,Ballots,441,441,441
122,Miller,,,,Ballots,656,656,656
123,Mt View,,,,Ballots,319,319,319
124,Northside,,,,Ballots,817,817,817
303,Oakland,,,,Ballots,203,203,203
125,Pickering,,,,Ballots,908,908,908
126,Potlatch,,,,Ballots,49,49,49
127,Satsop,,,,Ballots,183,183,183
128,Skokomish,,,,Ballots,254,254,254
304,Southside,,,,Ballots,766,766,766
129,Tahuya,,,,Ballots,526,526,526
306,Timberlake,,,,Ballots,651,651,651
130,Union,,,,Ballots,1011,1011,1011
131,Victor,,,,Ballots,378,378,378
132,Westside,,,,Ballots,211,211,211
201,Shelton 01,,,,Ballots,58,58,58
202,Shelton 02,,,,Ballots,107,107,107
203,Shelton 03,,,,Ballots,163,163,163
204,Shelton 04,,,,Ballots,142,142,142
205,Shelton 05,,,,Ballots,265,265,265
206,Shelton 06,,,,Ballots,99,99,99
207,Shelton 07,,,,Ballots,273,273,273
208,Shelton 08,,,,Ballots,119,119,119
209,Shelton 09,,,,Ballots,113,113,113
210,Shelton 10,,,,Ballots,145,145,145
211,Shelton 11,,,,Ballots,188,188,188
212,Shelton 12,,,,Ballots,93,93,93
213,Shelton 13,,,,Ballots,333,333,333
214,Shelton 14,,,,Ballots,215,215,215
215,Shelton 15,,,,Ballots,133,133,133
216,Shelton 16,,,,Ballots,668,668,668
985,Service Voters,,,,Ballots,16,16,16
MASON WA,MASON WA,,,,Ballots,25836,25839,25839
number,name,office,type,party,candidate,total,machine,hand
1012,Airport,Governor,poll,D,Christine Gregoire,122,122,122
1022,Allyn,Governor,poll,D,Christine Gregoire,59,55,55
1032,Arcadia,Governor,poll,D,Christine Gregoire,63,63,63
3072,Bayshore,Governor,poll,D,Christine Gregoire,70,70,70
3082,Belfair 1,Governor,poll,D,Christine Gregoire,127,127,127
1042,Belfair 2,Governor,poll,D,Christine Gregoire,76,76,76
1052,Belfair 3,Governor,poll,D,Christine Gregoire,87,87,87
1062,Belfair 4,Governor,poll,D,Christine Gregoire,115,115,115
1072,Belfair 5,Governor,poll,D,Christine Gregoire,66,66,66
3012,Belfair 6,Governor,poll,D,Christine Gregoire,63,63,63
1082,Capitol Hill,Governor,poll,D,Christine Gregoire,62,62,62
1092,Cloquallum,Governor,poll,D,Christine Gregoire,74,73,74
3052,Cushman,Governor,poll,D,Christine Gregoire,89,89,89
1102,Dayton,Governor,poll,D,Christine Gregoire,81,81,81
3023,Dewatto,Governor,vbm,D,Christine Gregoire,278,278,278
1112,Eells,Governor,poll,D,Christine Gregoire,58,58,58
1122,Grapeview,Governor,poll,D,Christine Gregoire,132,132,132
1132,Harstine,Governor,poll,D,Christine Gregoire,159,159,159
1142,Hoodsport,Governor,poll,D,Christine Gregoire,34,34,35
1152,Isabella,Governor,poll,D,Christine Gregoire,74,74,74
1162,Kamilche 1,Governor,poll,D,Christine Gregoire,156,156,156
1172,Kamilche 2,Governor,poll,D,Christine Gregoire,140,140,140
1183,Lake,Governor,vbm,D,Christine Gregoire,303,303,303
3092,Lakeland,Governor,poll,D,Christine Gregoire,65,65,65
1193,Lilliwaup,Governor,vbm,D,Christine Gregoire,200,200,200
1202,Matlock,Governor,poll,D,Christine Gregoire,65,65,65
1212,Mill Creek,Governor,poll,D,Christine Gregoire,59,60,60
1222,Miller,Governor,poll,D,Christine Gregoire,102,102,102
1232,Mt View,Governor,poll,D,Christine Gregoire,53,53,53
1242,Northside,Governor,poll,D,Christine Gregoire,135,135,135
3033,Oakland,Governor,vbm,D,Christine Gregoire,81,81,81
1252,Pickering,Governor,poll,D,Christine Gregoire,131,131,131
1262,Potlatch,Governor,poll,D,Christine Gregoire,8,8,8
1272,Satsop,Governor,poll,D,Christine Gregoire,32,32,32
1282,Skokomish,Governor,poll,D,Christine Gregoire,99,99,99
3042,Southside,Governor,poll,D,Christine Gregoire,133,134,134
1293,Tahuya,Governor,vbm,D,Christine Gregoire,258,258,258
3062,Timberlake,Governor,poll,D,Christine Gregoire,88,88,88
1302,Union,Governor,poll,D,Christine Gregoire,114,114,114
1312,Victor,Governor,poll,D,Christine Gregoire,39,39,39
1322,Westside,Governor,poll,D,Christine Gregoire,41,41,41
2012,Shelton 01,Governor,poll,D,Christine Gregoire,13,13,13
2022,Shelton 02,Governor,poll,D,Christine Gregoire,23,23,23
2032,Shelton 03,Governor,poll,D,Christine Gregoire,25,25,25
2042,Shelton 04,Governor,poll,D,Christine Gregoire,40,40,40
2052,Shelton 05,Governor,poll,D,Christine Gregoire,63,63,63
2062,Shelton 06,Governor,poll,D,Christine Gregoire,19,19,19
2072,Shelton 07,Governor,poll,D,Christine Gregoire,54,54,54
2082,Shelton 08,Governor,poll,D,Christine Gregoire,33,33,33
2092,Shelton 09,Governor,poll,D,Christine Gregoire,26,26,26
2102,Shelton 10,Governor,poll,D,Christine Gregoire,36,36,36
2112,Shelton 11,Governor,poll,D,Christine Gregoire,34,34,34
2122,Shelton 12,Governor,poll,D,Christine Gregoire,17,17,17
2132,Shelton 13,Governor,poll,D,Christine Gregoire,61,61,61
2142,Shelton 14,Governor,poll,D,Christine Gregoire,45,45,45
2152,Shelton 15,Governor,poll,D,Christine Gregoire,19,19,19
2162,Shelton 16,Governor,poll,D,Christine Gregoire,88,88,88
1011,Airport,Governor,absentee,D,Christine Gregoire,228,228,228
1021,Allyn,Governor,absentee,D,Christine Gregoire,261,265,265
1031,Arcadia,Governor,absentee,D,Christine Gregoire,129,129,129
3071,Bayshore,Governor,absentee,D,Christine Gregoire,173,173,173
3081,Belfair 1,Governor,absentee,D,Christine Gregoire,295,295,295
1041,Belfair 2,Governor,absentee,D,Christine Gregoire,145,145,145
1051,Belfair 3,Governor,absentee,D,Christine Gregoire,156,156,156
1061,Belfair 4,Governor,absentee,D,Christine Gregoire,221,221,221
1071,Belfair 5,Governor,absentee,D,Christine Gregoire,76,76,76
3011,Belfair 6,Governor,absentee,D,Christine Gregoire,112,112,112
1081,Capitol Hill,Governor,absentee,D,Christine Gregoire,129,129,129
1091,Cloquallum,Governor,absentee,D,Christine Gregoire,136,136,137
3051,Cushman,Governor,absentee,D,Christine Gregoire,305,305,305
1101,Dayton,Governor,absentee,D,Christine Gregoire,110,110,110
1111,Eells,Governor,absentee,D,Christine Gregoire,68,68,68
1121,Grapeview,Governor,absentee,D,Christine Gregoire,300,300,300
1131,Harstine,Governor,absentee,D,Christine Gregoire,245,245,245
1141,Hoodsport,Governor,absentee,D,Christine Gregoire,90,90,90
1151,Isabella,Governor,absentee,D,Christine Gregoire,156,156,156
1161,Kamilche 1,Governor,absentee,D,Christine Gregoire,246,246,246
1171,Kamilche 2,Governor,absentee,D,Christine Gregoire,309,309,309
3091,Lakeland,Governor,absentee,D,Christine Gregoire,166,166,166
1201,Matlock,Governor,absentee,D,Christine Gregoire,47,47,47
1211,Mill Creek,Governor,absentee,D,Christine Gregoire,129,129,129
1221,Miller,Governor,absentee,D,Christine Gregoire,203,203,203
1231,Mt View,Governor,absentee,D,Christine Gregoire,93,93,93
1241,Northside,Governor,absentee,D,Christine Gregoire,264,264,265
1251,Pickering,Governor,absentee,D,Christine Gregoire,270,270,270
1261,Potlatch,Governor,absentee,D,Christine Gregoire,14,14,14
1271,Satsop,Governor,absentee,D,Christine Gregoire,53,53,53
1281,Skokomish,Governor,absentee,D,Christine Gregoire,82,82,82
3041,Southside,Governor,absentee,D,Christine Gregoire,186,186,186
3061,Timberlake,Governor,absentee,D,Christine Gregoire,212,212,214
1301,Union,Governor,absentee,D,Christine Gregoire,348,348,350
1311,Victor,Governor,absentee,D,Christine Gregoire,125,125,125
1321,Westside,Governor,absentee,D,Christine Gregoire,44,44,44
2011,Shelton 01,Governor,absentee,D,Christine Gregoire,19,19,19
2021,Shelton 02,Governor,absentee,D,Christine Gregoire,31,31,31
2031,Shelton 03,Governor,absentee,D,Christine Gregoire,44,44,44
2041,Shelton 04,Governor,absentee,D,Christine Gregoire,38,38,38
2051,Shelton 05,Governor,absentee,D,Christine Gregoire,66,66,66
2061,Shelton 06,Governor,absentee,D,Christine Gregoire,22,22,22
2071,Shelton 07,Governor,absentee,D,Christine Gregoire,61,61,61
2081,Shelton 08,Governor,absentee,D,Christine Gregoire,27,27,28
2091,Shelton 09,Governor,absentee,D,Christine Gregoire,30,30,30
2101,Shelton 10,Governor,absentee,D,Christine Gregoire,40,40,40
2111,Shelton 11,Governor,absentee,D,Christine Gregoire,50,50,50
2121,Shelton 12,Governor,absentee,D,Christine Gregoire,32,32,32
2131,Shelton 13,Governor,absentee,D,Christine Gregoire,98,98,98
2141,Shelton 14,Governor,absentee,D,Christine Gregoire,52,52,52
2151,Shelton 15,Governor,absentee,D,Christine Gregoire,34,34,34
2161,Shelton 16,Governor,absentee,D,Christine Gregoire,226,226,226
985,Service Voters,Governor,vbm,D,Christine Gregoire,4,4,4
101,Airport,Governor,,D,Christine Gregoire,350,350,350
102,Allyn,Governor,,D,Christine Gregoire,320,320,320
103,Arcadia,Governor,,D,Christine Gregoire,192,192,192
307,Bayshore,Governor,,D,Christine Gregoire,243,243,243
308,Belfair 1,Governor,,D,Christine Gregoire,422,422,422
104,Belfair 2,Governor,,D,Christine Gregoire,221,221,221
105,Belfair 3,Governor,,D,Christine Gregoire,243,243,243
106,Belfair 4,Governor,,D,Christine Gregoire,336,336,336
107,Belfair 5,Governor,,D,Christine Gregoire,142,142,142
301,Belfair 6,Governor,,D,Christine Gregoire,175,175,175
108,Capitol Hill,Governor,,D,Christine Gregoire,191,191,191
109,Cloquallum,Governor,,D,Christine Gregoire,210,209,211
305,Cushman,Governor,,D,Christine Gregoire,394,394,394
110,Dayton,Governor,,D,Christine Gregoire,191,191,191
302,Dewatto,Governor,,D,Christine Gregoire,278,278,278
111,Eells,Governor,,D,Christine Gregoire,126,126,126
112,Grapeview,Governor,,D,Christine Gregoire,432,432,432
113,Harstine,Governor,,D,Christine Gregoire,404,404,404
114,Hoodsport,Governor,,D,Christine Gregoire,124,124,125
115,Isabella,Governor,,D,Christine Gregoire,230,230,230
116,Kamilche 1,Governor,,D,Christine Gregoire,402,402,402
117,Kamilche 2,Governor,,D,Christine Gregoire,449,449,449
118,Lake,Governor,,D,Christine Gregoire,303,303,303
309,Lakeland,Governor,,D,Christine Gregoire,231,231,231
119,Lilliwaup,Governor,,D,Christine Gregoire,200,200,200
120,Matlock,Governor,,D,Christine Gregoire,112,112,112
121,Mill Creek,Governor,,D,Christine Gregoire,188,189,189
122,Miller,Governor,,D,Christine Gregoire,305,305,305
123,Mt View,Governor,,D,Christine Gregoire,146,146,146
124,Northside,Governor,,D,Christine Gregoire,399,399,400
303,Oakland,Governor,,D,Christine Gregoire,81,81,81
125,Pickering,Governor,,D,Christine Gregoire,401,401,401
126,Potlatch,Governor,,D,Christine Gregoire,22,22,22
127,Satsop,Governor,,D,Christine Gregoire,85,85,85
128,Skokomish,Governor,,D,Christine Gregoire,181,181,181
304,Southside,Governor,,D,Christine Gregoire,319,320,320
129,Tahuya,Governor,,D,Christine Gregoire,258,258,258
306,Timberlake,Governor,,D,Christine Gregoire,300,300,302
130,Union,Governor,,D,Christine Gregoire,462,462,464
131,Victor,Governor,,D,Christine Gregoire,164,164,164
132,Westside,Governor,,D,Christine Gregoire,85,85,85
201,Shelton 01,Governor,,D,Christine Gregoire,32,32,32
202,Shelton 02,Governor,,D,Christine Gregoire,54,54,54
203,Shelton 03,Governor,,D,Christine Gregoire,69,69,69
204,Shelton 04,Governor,,D,Christine Gregoire,78,78,78
205,Shelton 05,Governor,,D,Christine Gregoire,129,129,129
206,Shelton 06,Governor,,D,Christine Gregoire,41,41,41
207,Shelton 07,Governor,,D,Christine Gregoire,115,115,115
208,Shelton 08,Governor,,D,Christine Gregoire,60,60,61
209,Shelton 09,Governor,,D,Christine Gregoire,56,56,56
210,Shelton 10,Governor,,D,Christine Gregoire,76,76,76
211,Shelton 11,Governor,,D,Christine Gregoire,84,84,84
212,Shelton 12,Governor,,D,Christine Gregoire,49,49,49
213,Shelton 13,Governor,,D,Christine Gregoire,159,159,159
214,Shelton 14,Governor,,D,Christine Gregoire,97,97,97
215,Shelton 15,Governor,,D,Christine Gregoire,53,53,53
216,Shelton 16,Governor,,D,Christine Gregoire,314,314,314
985,Service Voters,Governor,,D,Christine Gregoire,4,4,4
MASON WA,MASON WA,Governor,,D,Christine Gregoire,11787,11788,11797
number,name,office,type,party,candidate,total,machine,hand
1012,Airport,Governor,poll,R,Dino Rossi,174,174,174
1022,Allyn,Governor,poll,R,Dino Rossi,92,89,89
1032,Arcadia,Governor,poll,R,Dino Rossi,54,54,54
3072,Bayshore,Governor,poll,R,Dino Rossi,92,92,92
3082,Belfair 1,Governor,poll,R,Dino Rossi,151,151,151
1042,Belfair 2,Governor,poll,R,Dino Rossi,99,99,99
1052,Belfair 3,Governor,poll,R,Dino Rossi,115,115,115
1062,Belfair 4,Governor,poll,R,Dino Rossi,173,173,173
1072,Belfair 5,Governor,poll,R,Dino Rossi,80,80,80
3012,Belfair 6,Governor,poll,R,Dino Rossi,96,96,96
1082,Capitol Hill,Governor,poll,R,Dino Rossi,94,94,94
1092,Cloquallum,Governor,poll,R,Dino Rossi,87,87,87
3052,Cushman,Governor,poll,R,Dino Rossi,83,83,83
1102,Dayton,Governor,poll,R,Dino Rossi,90,90,90
3023,Dewatto,Governor,vbm,R,Dino Rossi,233,233,234
1112,Eells,Governor,poll,R,Dino Rossi,57,57,57
1122,Grapeview,Governor,poll,R,Dino Rossi,153,153,153
1132,Harstine,Governor,poll,R,Dino Rossi,127,127,127
1142,Hoodsport,Governor,poll,R,Dino Rossi,58,58,58
1152,Isabella,Governor,poll,R,Dino Rossi,71,71,71
1162,Kamilche 1,Governor,poll,R,Dino Rossi,108,108,108
1172,Kamilche 2,Governor,poll,R,Dino Rossi,176,176,176
1183,Lake,Governor,vbm,R,Dino Rossi,305,305,306
3092,Lakeland,Governor,poll,R,Dino Rossi,78,78,78
1193,Lilliwaup,Governor,vbm,R,Dino Rossi,205,205,205
1202,Matlock,Governor,poll,R,Dino Rossi,76,76,76
1212,Mill Creek,Governor,poll,R,Dino Rossi,90,90,90
1222,Miller,Governor,poll,R,Dino Rossi,117,117,117
1232,Mt View,Governor,poll,R,Dino Rossi,66,66,66
1242,Northside,Governor,poll,R,Dino Rossi,119,119,119
3033,Oakland,Governor,vbm,R,Dino Rossi,112,111,112
1252,Pickering,Governor,poll,R,Dino Rossi,141,141,141
1262,Potlatch,Governor,poll,R,Dino Rossi,7,7,7
1272,Satsop,Governor,poll,R,Dino Rossi,26,26,26
1282,Skokomish,Governor,poll,R,Dino Rossi,22,22,22
3042,Southside,Governor,poll,R,Dino Rossi,190,190,190
1293,Tahuya,Governor,vbm,R,Dino Rossi,238,238,238
3062,Timberlake,Governor,poll,R,Dino Rossi,100,100,100
1302,Union,Governor,poll,R,Dino Rossi,139,139,139
1312,Victor,Governor,poll,R,Dino Rossi,66,66,66
1322,Westside,Governor,poll,R,Dino Rossi,44,44,44
2012,Shelton 01,Governor,poll,R,Dino Rossi,9,9,9
2022,Shelton 02,Governor,poll,R,Dino Rossi,23,23,23
2032,Shelton 03,Governor,poll,R,Dino Rossi,35,35,35
2042,Shelton 04,Governor,poll,R,Dino Rossi,28,28,28
2052,Shelton 05,Governor,poll,R,Dino Rossi,47,47,47
2062,Shelton 06,Governor,poll,R,Dino Rossi,21,21,21
2072,Shelton 07,Governor,poll,R,Dino Rossi,76,76,76
2082,Shelton 08,Governor,poll,R,Dino Rossi,25,25,25
2092,Shelton 09,Governor,poll,R,Dino Rossi,29,29,29
2102,Shelton 10,Governor,poll,R,Dino Rossi,19,20,20
2112,Shelton 11,Governor,poll,R,Dino Rossi,41,41,41
2122,Shelton 12,Governor,poll,R,Dino Rossi,16,16,16
2132,Shelton 13,Governor,poll,R,Dino Rossi,67,67,67
2142,Shelton 14,Governor,poll,R,Dino Rossi,42,42,42
2152,Shelton 15,Governor,poll,R,Dino Rossi,32,32,32
2162,Shelton 16,Governor,poll,R,Dino Rossi,109,109,109
1011,Airport,Governor,absentee,R,Dino Rossi,244,244,244
1021,Allyn,Governor,absentee,R,Dino Rossi,352,355,356
1031,Arcadia,Governor,absentee,R,Dino Rossi,136,136,136
3071,Bayshore,Governor,absentee,R,Dino Rossi,172,172,172
3081,Belfair 1,Governor,absentee,R,Dino Rossi,346,346,346
1041,Belfair 2,Governor,absentee,R,Dino Rossi,163,163,163
1051,Belfair 3,Governor,absentee,R,Dino Rossi,209,211,211
1061,Belfair 4,Governor,absentee,R,Dino Rossi,261,261,261
1071,Belfair 5,Governor,absentee,R,Dino Rossi,112,112,112
3011,Belfair 6,Governor,absentee,R,Dino Rossi,122,122,123
1081,Capitol Hill,Governor,absentee,R,Dino Rossi,137,137,137
1091,Cloquallum,Governor,absentee,R,Dino Rossi,134,134,135
3051,Cushman,Governor,absentee,R,Dino Rossi,253,253,253
1101,Dayton,Governor,absentee,R,Dino Rossi,104,104,105
1111,Eells,Governor,absentee,R,Dino Rossi,66,66,66
1121,Grapeview,Governor,absentee,R,Dino Rossi,300,300,301
1131,Harstine,Governor,absentee,R,Dino Rossi,269,269,269
1141,Hoodsport,Governor,absentee,R,Dino Rossi,121,121,121
1151,Isabella,Governor,absentee,R,Dino Rossi,165,165,165
1161,Kamilche 1,Governor,absentee,R,Dino Rossi,182,182,182
1171,Kamilche 2,Governor,absentee,R,Dino Rossi,248,248,249
3091,Lakeland,Governor,absentee,R,Dino Rossi,217,217,218
1201,Matlock,Governor,absentee,R,Dino Rossi,67,67,67
1211,Mill Creek,Governor,absentee,R,Dino Rossi,125,125,125
1221,Miller,Governor,absentee,R,Dino Rossi,188,189,189
1231,Mt View,Governor,absentee,R,Dino Rossi,83,83,83
1241,Northside,Governor,absentee,R,Dino Rossi,274,274,274
1251,Pickering,Governor,absentee,R,Dino Rossi,321,321,321
1261,Potlatch,Governor,absentee,R,Dino Rossi,18,18,18
1271,Satsop,Governor,absentee,R,Dino Rossi,55,55,55
1281,Skokomish,Governor,absentee,R,Dino Rossi,39,39,39
3041,Southside,Governor,absentee,R,Dino Rossi,218,218,218
3061,Timberlake,Governor,absentee,R,Dino Rossi,196,196,196
1301,Union,Governor,absentee,R,Dino Rossi,370,370,369
1311,Victor,Governor,absentee,R,Dino Rossi,124,124,124
1321,Westside,Governor,absentee,R,Dino Rossi,64,64,64
2011,Shelton 01,Governor,absentee,R,Dino Rossi,12,12,12
2021,Shelton 02,Governor,absentee,R,Dino Rossi,23,23,23
2031,Shelton 03,Governor,absentee,R,Dino Rossi,49,49,49
2041,Shelton 04,Governor,absentee,R,Dino Rossi,29,29,30
2051,Shelton 05,Governor,absentee,R,Dino Rossi,77,77,78
2061,Shelton 06,Governor,absentee,R,Dino Rossi,24,24,25
2071,Shelton 07,Governor,absentee,R,Dino Rossi,71,71,71
2081,Shelton 08,Governor,absentee,R,Dino Rossi,22,22,22
2091,Shelton 09,Governor,absentee,R,Dino Rossi,19,19,19
2101,Shelton 10,Governor,absentee,R,Dino Rossi,38,37,37
2111,Shelton 11,Governor,absentee,R,Dino Rossi,50,50,50
2121,Shelton 12,Governor,absentee,R,Dino Rossi,20,20,20
2131,Shelton 13,Governor,absentee,R,Dino Rossi,89,89,89
2141,Shelton 14,Governor,absentee,R,Dino Rossi,61,61,61
2151,Shelton 15,Governor,absentee,R,Dino Rossi,39,39,39
2161,Shelton 16,Governor,absentee,R,Dino Rossi,196,196,196
985,Service Voters,Governor,vbm,R,Dino Rossi,8,8,8
101,Airport,Governor,,R,Dino Rossi,418,418,418
102,Allyn,Governor,,R,Dino Rossi,444,444,445
103,Arcadia,Governor,,R,Dino Rossi,190,190,190
307,Bayshore,Governor,,R,Dino Rossi,264,264,264
308,Belfair 1,Governor,,R,Dino Rossi,497,497,497
104,Belfair 2,Governor,,R,Dino Rossi,262,262,262
105,Belfair 3,Governor,,R,Dino Rossi,324,326,326
106,Belfair 4,Governor,,R,Dino Rossi,434,434,434
107,Belfair 5,Governor,,R,Dino Rossi,192,192,192
301,Belfair 6,Governor,,R,Dino Rossi,218,218,219
108,Capitol Hill,Governor,,R,Dino Rossi,231,231,231
109,Cloquallum,Governor,,R,Dino Rossi,221,221,222
305,Cushman,Governor,,R,Dino Rossi,336,336,336
110,Dayton,Governor,,R,Dino Rossi,194,194,195
302,Dewatto,Governor,,R,Dino Rossi,233,233,234
111,Eells,Governor,,R,Dino Rossi,123,123,123
112,Grapeview,Governor,,R,Dino Rossi,453,453,454
113,Harstine,Governor,,R,Dino Rossi,396,396,396
114,Hoodsport,Governor,,R,Dino Rossi,179,179,179
115,Isabella,Governor,,R,Dino Rossi,236,236,236
116,Kamilche 1,Governor,,R,Dino Rossi,290,290,290
117,Kamilche 2,Governor,,R,Dino Rossi,424,424,425
118,Lake,Governor,,R,Dino Rossi,305,305,306
309,Lakeland,Governor,,R,Dino Rossi,295,295,296
119,Lilliwaup,Governor,,R,Dino Rossi,205,205,205
120,Matlock,Governor,,R,Dino Rossi,143,143,143
121,Mill Creek,Governor,,R,Dino Rossi,215,215,215
122,Miller,Governor,,R,Dino Rossi,305,306,306
123,Mt View,Governor,,R,Dino Rossi,149,149,149
124,Northside,Governor,,R,Dino Rossi,393,393,393
303,Oakland,Governor,,R,Dino Rossi,112,111,112
125,Pickering,Governor,,R,Dino Rossi,462,462,462
126,Potlatch,Governor,,R,Dino Rossi,25,25,25
127,Satsop,Governor,,R,Dino Rossi,81,81,81
128,Skokomish,Governor,,R,Dino Rossi,61,61,61
304,Southside,Governor,,R,Dino Rossi,408,408,408
129,Tahuya,Governor,,R,Dino Rossi,238,238,238
306,Timberlake,Governor,,R,Dino Rossi,296,296,296
130,Union,Governor,,R,Dino Rossi,509,509,508
131,Victor,Governor,,R,Dino Rossi,190,190,190
132,Westside,Governor,,R,Dino Rossi,108,108,108
201,Shelton 01,Governor,,R,Dino Rossi,21,21,21
202,Shelton 02,Governor,,R,Dino Rossi,46,46,46
203,Shelton 03,Governor,,R,Dino Rossi,84,84,84
204,Shelton 04,Governor,,R,Dino Rossi,57,57,58
205,Shelton 05,Governor,,R,Dino Rossi,124,124,125
206,Shelton 06,Governor,,R,Dino Rossi,45,45,46
207,Shelton 07,Governor,,R,Dino Rossi,147,147,147
208,Shelton 08,Governor,,R,Dino Rossi,47,47,47
209,Shelton 09,Governor,,R,Dino Rossi,48,48,48
210,Shelton 10,Governor,,R,Dino Rossi,57,57,57
211,Shelton 11,Governor,,R,Dino Rossi,91,91,91
212,Shelton 12,Governor,,R,Dino Rossi,36,36,36
213,Shelton 13,Governor,,R,Dino Rossi,156,156,156
214,Shelton 14,Governor,,R,Dino Rossi,103,103,103
215,Shelton 15,Governor,,R,Dino Rossi,71,71,71
216,Shelton 16,Governor,,R,Dino Rossi,305,305,305
985,Service Voters,Governor,,R,Dino Rossi,8,8,8
MASON WA,MASON WA,Governor,,R,Dino Rossi,12505,12507,12519
number,name,office,type,,,,,
1012,Airport,Governor,poll,L,Ruth Bennett,8,8,8
1022,Allyn,Governor,poll,L,Ruth Bennett,3,3,3
1032,Arcadia,Governor,poll,L,Ruth Bennett,2,2,2
3072,Bayshore,Governor,poll,L,Ruth Bennett,4,4,4
3082,Belfair 1,Governor,poll,L,Ruth Bennett,8,8,8
1042,Belfair 2,Governor,poll,L,Ruth Bennett,4,4,4
1052,Belfair 3,Governor,poll,L,Ruth Bennett,3,3,3
1062,Belfair 4,Governor,poll,L,Ruth Bennett,10,10,10
1072,Belfair 5,Governor,poll,L,Ruth Bennett,5,5,5
3012,Belfair 6,Governor,poll,L,Ruth Bennett,6,6,6
1082,Capitol Hill,Governor,poll,L,Ruth Bennett,8,8,8
1092,Cloquallum,Governor,poll,L,Ruth Bennett,5,5,5
3052,Cushman,Governor,poll,L,Ruth Bennett,3,3,3
1102,Dayton,Governor,poll,L,Ruth Bennett,10,10,10
3023,Dewatto,Governor,vbm,L,Ruth Bennett,19,19,19
1112,Eells,Governor,poll,L,Ruth Bennett,4,4,4
1122,Grapeview,Governor,poll,L,Ruth Bennett,12,12,12
1132,Harstine,Governor,poll,L,Ruth Bennett,11,11,11
1142,Hoodsport,Governor,poll,L,Ruth Bennett,3,3,3
1152,Isabella,Governor,poll,L,Ruth Bennett,5,5,5
1162,Kamilche 1,Governor,poll,L,Ruth Bennett,11,11,11
1172,Kamilche 2,Governor,poll,L,Ruth Bennett,12,12,12
1183,Lake,Governor,vbm,L,Ruth Bennett,16,16,16
3092,Lakeland,Governor,poll,L,Ruth Bennett,3,3,3
1193,Lilliwaup,Governor,vbm,L,Ruth Bennett,10,10,10
1202,Matlock,Governor,poll,L,Ruth Bennett,8,8,8
1212,Mill Creek,Governor,poll,L,Ruth Bennett,6,6,6
1222,Miller,Governor,poll,L,Ruth Bennett,11,11,11
1232,Mt View,Governor,poll,L,Ruth Bennett,4,4,4
1242,Northside,Governor,poll,L,Ruth Bennett,4,4,4
3033,Oakland,Governor,vbm,L,Ruth Bennett,2,2,2
1252,Pickering,Governor,poll,L,Ruth Bennett,8,8,8
1262,Potlatch,Governor,poll,L,Ruth Bennett,0,0,0
1272,Satsop,Governor,poll,L,Ruth Bennett,3,3,3
1282,Skokomish,Governor,poll,L,Ruth Bennett,5,5,5
3042,Southside,Governor,poll,L,Ruth Bennett,8,8,8
1293,Tahuya,Governor,vbm,L,Ruth Bennett,15,15,15
3062,Timberlake,Governor,poll,L,Ruth Bennett,13,13,13
1302,Union,Governor,poll,L,Ruth Bennett,4,4,4
1312,Victor,Governor,poll,L,Ruth Bennett,1,1,1
1322,Westside,Governor,poll,L,Ruth Bennett,7,7,7
2012,Shelton 01,Governor,poll,L,Ruth Bennett,0,0,0
2022,Shelton 02,Governor,poll,L,Ruth Bennett,0,0,0
2032,Shelton 03,Governor,poll,L,Ruth Bennett,4,4,4
2042,Shelton 04,Governor,poll,L,Ruth Bennett,2,2,2
2052,Shelton 05,Governor,poll,L,Ruth Bennett,4,4,4
2062,Shelton 06,Governor,poll,L,Ruth Bennett,0,0,0
2072,Shelton 07,Governor,poll,L,Ruth Bennett,3,3,3
2082,Shelton 08,Governor,poll,L,Ruth Bennett,2,2,2
2092,Shelton 09,Governor,poll,L,Ruth Bennett,1,1,1
2102,Shelton 10,Governor,poll,L,Ruth Bennett,5,5,5
2112,Shelton 11,Governor,poll,L,Ruth Bennett,1,1,1
2122,Shelton 12,Governor,poll,L,Ruth Bennett,0,0,0
2132,Shelton 13,Governor,poll,L,Ruth Bennett,4,4,4
2142,Shelton 14,Governor,poll,L,Ruth Bennett,3,3,3
2152,Shelton 15,Governor,poll,L,Ruth Bennett,1,1,1
2162,Shelton 16,Governor,poll,L,Ruth Bennett,7,7,7
1011,Airport,Governor,absentee,L,Ruth Bennett,8,8,8
1021,Allyn,Governor,absentee,L,Ruth Bennett,7,7,7
1031,Arcadia,Governor,absentee,L,Ruth Bennett,1,1,1
3071,Bayshore,Governor,absentee,L,Ruth Bennett,7,7,7
3081,Belfair 1,Governor,absentee,L,Ruth Bennett,19,19,19
1041,Belfair 2,Governor,absentee,L,Ruth Bennett,6,6,6
1051,Belfair 3,Governor,absentee,L,Ruth Bennett,8,8,8
1061,Belfair 4,Governor,absentee,L,Ruth Bennett,20,20,20
1071,Belfair 5,Governor,absentee,L,Ruth Bennett,7,7,7
3011,Belfair 6,Governor,absentee,L,Ruth Bennett,12,12,12
1081,Capitol Hill,Governor,absentee,L,Ruth Bennett,4,4,4
1091,Cloquallum,Governor,absentee,L,Ruth Bennett,8,8,7
3051,Cushman,Governor,absentee,L,Ruth Bennett,15,15,15
1101,Dayton,Governor,absentee,L,Ruth Bennett,4,4,4
1111,Eells,Governor,absentee,L,Ruth Bennett,9,9,9
1121,Grapeview,Governor,absentee,L,Ruth Bennett,10,10,10
1131,Harstine,Governor,absentee,L,Ruth Bennett,21,21,21
1141,Hoodsport,Governor,absentee,L,Ruth Bennett,6,6,6
1151,Isabella,Governor,absentee,L,Ruth Bennett,9,9,9
1161,Kamilche 1,Governor,absentee,L,Ruth Bennett,13,13,13
1171,Kamilche 2,Governor,absentee,L,Ruth Bennett,15,15,15
3091,Lakeland,Governor,absentee,L,Ruth Bennett,6,6,6
1201,Matlock,Governor,absentee,L,Ruth Bennett,2,2,2
1211,Mill Creek,Governor,absentee,L,Ruth Bennett,6,6,6
1221,Miller,Governor,absentee,L,Ruth Bennett,7,7,7
1231,Mt View,Governor,absentee,L,Ruth Bennett,9,9,9
1241,Northside,Governor,absentee,L,Ruth Bennett,4,4,4
1251,Pickering,Governor,absentee,L,Ruth Bennett,14,14,14
1261,Potlatch,Governor,absentee,L,Ruth Bennett,0,0,0
1271,Satsop,Governor,absentee,L,Ruth Bennett,4,4,4
1281,Skokomish,Governor,absentee,L,Ruth Bennett,2,2,2
3041,Southside,Governor,absentee,L,Ruth Bennett,10,10,10
3061,Timberlake,Governor,absentee,L,Ruth Bennett,17,17,17
1301,Union,Governor,absentee,L,Ruth Bennett,9,9,9
1311,Victor,Governor,absentee,L,Ruth Bennett,10,10,10
1321,Westside,Governor,absentee,L,Ruth Bennett,1,1,1
2011,Shelton 01,Governor,absentee,L,Ruth Bennett,1,1,1
2021,Shelton 02,Governor,absentee,L,Ruth Bennett,2,2,2
2031,Shelton 03,Governor,absentee,L,Ruth Bennett,3,3,3
2041,Shelton 04,Governor,absentee,L,Ruth Bennett,1,1,1
2051,Shelton 05,Governor,absentee,L,Ruth Bennett,1,1,1
2061,Shelton 06,Governor,absentee,L,Ruth Bennett,5,5,5
2071,Shelton 07,Governor,absentee,L,Ruth Bennett,2,2,2
2081,Shelton 08,Governor,absentee,L,Ruth Bennett,4,4,4
2091,Shelton 09,Governor,absentee,L,Ruth Bennett,2,2,2
2101,Shelton 10,Governor,absentee,L,Ruth Bennett,3,3,3
2111,Shelton 11,Governor,absentee,L,Ruth Bennett,2,2,2
2121,Shelton 12,Governor,absentee,L,Ruth Bennett,6,6,6
2131,Shelton 13,Governor,absentee,L,Ruth Bennett,7,7,7
2141,Shelton 14,Governor,absentee,L,Ruth Bennett,4,5,5
2151,Shelton 15,Governor,absentee,L,Ruth Bennett,1,1,1
2161,Shelton 16,Governor,absentee,L,Ruth Bennett,5,4,4
985,Service Voters,Governor,vbm,L,Ruth Bennett,1,1,1
101,Airport,Governor,,L,Ruth Bennett,16,16,16
102,Allyn,Governor,,L,Ruth Bennett,10,10,10
103,Arcadia,Governor,,L,Ruth Bennett,3,3,3
307,Bayshore,Governor,,L,Ruth Bennett,11,11,11
308,Belfair 1,Governor,,L,Ruth Bennett,27,27,27
104,Belfair 2,Governor,,L,Ruth Bennett,10,10,10
105,Belfair 3,Governor,,L,Ruth Bennett,11,11,11
106,Belfair 4,Governor,,L,Ruth Bennett,30,30,30
107,Belfair 5,Governor,,L,Ruth Bennett,12,12,12
301,Belfair 6,Governor,,L,Ruth Bennett,18,18,18
108,Capitol Hill,Governor,,L,Ruth Bennett,12,12,12
109,Cloquallum,Governor,,L,Ruth Bennett,13,13,12
305,Cushman,Governor,,L,Ruth Bennett,18,18,18
110,Dayton,Governor,,L,Ruth Bennett,14,14,14
302,Dewatto,Governor,,L,Ruth Bennett,19,19,19
111,Eells,Governor,,L,Ruth Bennett,13,13,13
112,Grapeview,Governor,,L,Ruth Bennett,22,22,22
113,Harstine,Governor,,L,Ruth Bennett,32,32,32
114,Hoodsport,Governor,,L,Ruth Bennett,9,9,9
115,Isabella,Governor,,L,Ruth Bennett,14,14,14
116,Kamilche 1,Governor,,L,Ruth Bennett,24,24,24
117,Kamilche 2,Governor,,L,Ruth Bennett,27,27,27
118,Lake,Governor,,L,Ruth Bennett,16,16,16
309,Lakeland,Governor,,L,Ruth Bennett,9,9,9
119,Lilliwaup,Governor,,L,Ruth Bennett,10,10,10
120,Matlock,Governor,,L,Ruth Bennett,10,10,10
121,Mill Creek,Governor,,L,Ruth Bennett,12,12,12
122,Miller,Governor,,L,Ruth Bennett,18,18,18
123,Mt View,Governor,,L,Ruth Bennett,13,13,13
124,Northside,Governor,,L,Ruth Bennett,8,8,8
303,Oakland,Governor,,L,Ruth Bennett,2,2,2
125,Pickering,Governor,,L,Ruth Bennett,22,22,22
126,Potlatch,Governor,,L,Ruth Bennett,0,0,0
127,Satsop,Governor,,L,Ruth Bennett,7,7,7
128,Skokomish,Governor,,L,Ruth Bennett,7,7,7
304,Southside,Governor,,L,Ruth Bennett,18,18,18
129,Tahuya,Governor,,L,Ruth Bennett,15,15,15
306,Timberlake,Governor,,L,Ruth Bennett,30,30,30
130,Union,Governor,,L,Ruth Bennett,13,13,13
131,Victor,Governor,,L,Ruth Bennett,11,11,11
132,Westside,Governor,,L,Ruth Bennett,8,8,8
201,Shelton 01,Governor,,L,Ruth Bennett,1,1,1
202,Shelton 02,Governor,,L,Ruth Bennett,2,2,2
203,Shelton 03,Governor,,L,Ruth Bennett,7,7,7
204,Shelton 04,Governor,,L,Ruth Bennett,3,3,3
205,Shelton 05,Governor,,L,Ruth Bennett,5,5,5
206,Shelton 06,Governor,,L,Ruth Bennett,5,5,5
207,Shelton 07,Governor,,L,Ruth Bennett,5,5,5
208,Shelton 08,Governor,,L,Ruth Bennett,6,6,6
209,Shelton 09,Governor,,L,Ruth Bennett,3,3,3
210,Shelton 10,Governor,,L,Ruth Bennett,8,8,8
211,Shelton 11,Governor,,L,Ruth Bennett,3,3,3
212,Shelton 12,Governor,,L,Ruth Bennett,6,6,6
213,Shelton 13,Governor,,L,Ruth Bennett,11,11,11
214,Shelton 14,Governor,,L,Ruth Bennett,7,8,8
215,Shelton 15,Governor,,L,Ruth Bennett,2,2,2
216,Shelton 16,Governor,,L,Ruth Bennett,12,11,11
985,Service Voters,Governor,,L,Ruth Bennett,1,1,1
MASON WA,MASON WA,Governor,,L,Ruth Bennett,681,681,680
