Grays Harbor,Artic 0002,,,,REGISTERED VOTERS,122
Grays Harbor,Axford 0003,,,,REGISTERED VOTERS,243
Grays Harbor,Blockhouse 0004,,,,REGISTERED VOTERS,909
Grays Harbor,Brady 0005,,,,REGISTERED VOTERS,471
Grays Harbor,Bush 0006,,,,REGISTERED VOTERS,776
Grays Harbor,Calder 007,,,,REGISTERED VOTERS,872
Grays Harbor,Selma 0008,,,,REGISTERED VOTERS,398
Grays Harbor,Central Park 0009,,,,REGISTERED VOTERS,554
Grays Harbor,Central Park 0010,,,,REGISTERED VOTERS,509
Grays Harbor,Central Park 0012,,,,REGISTERED VOTERS,680
Grays Harbor,Coats Landing 0014,,,,REGISTERED VOTERS,536
Grays Harbor,Bay 0017,,,,REGISTERED VOTERS,92
Grays Harbor,Geissler 0021,,,,REGISTERED VOTERS,39
Grays Harbor,Grayland 0023,,,,REGISTERED VOTERS,540
Grays Harbor,Hoquiam Rural 0025,,,,REGISTERED VOTERS,730
Grays Harbor,Humptulips 0026,,,,REGISTERED VOTERS,107
Grays Harbor,Crane 0029,,,,REGISTERED VOTERS,186
Grays Harbor,McCleary Rural 0030,,,,REGISTERED VOTERS,775
Grays Harbor,Melbourne 0031,,,,REGISTERED VOTERS,756
Grays Harbor,Moclips 0032,,,,REGISTERED VOTERS,330
Grays Harbor,Montesano Rural 0033,,,,REGISTERED VOTERS,436
Grays Harbor,Newskah 0036,,,,REGISTERED VOTERS,146
Grays Harbor,Ocean City 0038,,,,REGISTERED VOTERS,549
Grays Harbor,Ocosta 0039,,,,REGISTERED VOTERS,527
Grays Harbor,Porter 0041,,,,REGISTERED VOTERS,842
Grays Harbor,Quinault 0042,,,,REGISTERED VOTERS,423
Grays Harbor,Simpson 0044,,,,REGISTERED VOTERS,221
Grays Harbor,Taholah 0045,,,,REGISTERED VOTERS,389
Grays Harbor,Vesta 0046,,,,REGISTERED VOTERS,53
Grays Harbor,Westport Rural 0047,,,,REGISTERED VOTERS,298
Grays Harbor,Wilderness 0048,,,,REGISTERED VOTERS,232
Grays Harbor,Wishkah 0050,,,,REGISTERED VOTERS,445
Grays Harbor,Wynooche 0052,,,,REGISTERED VOTERS,647
Grays Harbor,Aberdeen 0111,,,,REGISTERED VOTERS,615
Grays Harbor,Aberdeen 0112,,,,REGISTERED VOTERS,649
Grays Harbor,Aberdeen 0121,,,,REGISTERED VOTERS,530
Grays Harbor,Aberdeen 0122,,,,REGISTERED VOTERS,475
Grays Harbor,Aberdeen 0131,,,,REGISTERED VOTERS,416
Grays Harbor,Aberdeen 0132,,,,REGISTERED VOTERS,900
Grays Harbor,Aberdeen 0141,,,,REGISTERED VOTERS,326
Grays Harbor,Aberdeen 0142,,,,REGISTERED VOTERS,805
Grays Harbor,Aberdeen 0143,,,,REGISTERED VOTERS,493
Grays Harbor,Aberdeen 0151,,,,REGISTERED VOTERS,820
Grays Harbor,Aberdeen 0161,,,,REGISTERED VOTERS,384
Grays Harbor,Aberdeen 0162,,,,REGISTERED VOTERS,651
Grays Harbor,Cosmopolis 0201,,,,REGISTERED VOTERS,889
Grays Harbor,Elma 0301,,,,REGISTERED VOTERS,423
Grays Harbor,Elma 0302,,,,REGISTERED VOTERS,362
Grays Harbor,Elma 0303,,,,REGISTERED VOTERS,646
Grays Harbor,Hoquiam 0411,,,,REGISTERED VOTERS,688
Grays Harbor,Hoquiam 0421,,,,REGISTERED VOTERS,576
Grays Harbor,Hoquiam 0431,,,,REGISTERED VOTERS,710
Grays Harbor,Hoquiam 0441,,,,REGISTERED VOTERS,780
Grays Harbor,Hoquiam 0451,,,,REGISTERED VOTERS,556
Grays Harbor,Hoquiam 0461,,,,REGISTERED VOTERS,572
Grays Harbor,McCleary 0501,,,,REGISTERED VOTERS,773
Grays Harbor,Montesano 0601,,,,REGISTERED VOTERS,602
Grays Harbor,Montesano 0602,,,,REGISTERED VOTERS,537
Grays Harbor,Montesano 0604,,,,REGISTERED VOTERS,538
Grays Harbor,Montesano 0605,,,,REGISTERED VOTERS,548
Grays Harbor,Oakville 0701,,,,REGISTERED VOTERS,318
Grays Harbor,Ocean Shores 0801,,,,REGISTERED VOTERS,719
Grays Harbor,Ocean Shores 0802,,,,REGISTERED VOTERS,584
Grays Harbor,Ocean Shores 0803,,,,REGISTERED VOTERS,833
Grays Harbor,Ocean Shores 0804,,,,REGISTERED VOTERS,1141
Grays Harbor,Westport 0901,,,,REGISTERED VOTERS,451
Grays Harbor,Westport 0902,,,,REGISTERED VOTERS,648
,,,,,,
Grays Harbor,Artic 0002,,,,BALLOTS CAST,97
Grays Harbor,Axford 0003,,,,BALLOTS CAST,175
Grays Harbor,Blockhouse 0004,,,,BALLOTS CAST,612
Grays Harbor,Brady 0005,,,,BALLOTS CAST,373
Grays Harbor,Bush 0006,,,,BALLOTS CAST,573
Grays Harbor,Calder 007,,,,BALLOTS CAST,641
Grays Harbor,Selma 0008,,,,BALLOTS CAST,262
Grays Harbor,Central Park 0009,,,,BALLOTS CAST,436
Grays Harbor,Central Park 0010,,,,BALLOTS CAST,392
Grays Harbor,Central Park 0012,,,,BALLOTS CAST,521
Grays Harbor,Coats Landing 0014,,,,BALLOTS CAST,426
Grays Harbor,Bay 0017,,,,BALLOTS CAST,70
Grays Harbor,Geissler 0021,,,,BALLOTS CAST,31
Grays Harbor,Grayland 0023,,,,BALLOTS CAST,413
Grays Harbor,Hoquiam Rural 0025,,,,BALLOTS CAST,538
Grays Harbor,Humptulips 0026,,,,BALLOTS CAST,71
Grays Harbor,Crane 0029,,,,BALLOTS CAST,130
Grays Harbor,McCleary Rural 0030,,,,BALLOTS CAST,581
Grays Harbor,Melbourne 0031,,,,BALLOTS CAST,594
Grays Harbor,Moclips 0032,,,,BALLOTS CAST,250
Grays Harbor,Montesano Rural 0033,,,,BALLOTS CAST,335
Grays Harbor,Newskah 0036,,,,BALLOTS CAST,109
Grays Harbor,Ocean City 0038,,,,BALLOTS CAST,419
Grays Harbor,Ocosta 0039,,,,BALLOTS CAST,353
Grays Harbor,Porter 0041,,,,BALLOTS CAST,612
Grays Harbor,Quinault 0042,,,,BALLOTS CAST,309
Grays Harbor,Simpson 0044,,,,BALLOTS CAST,172
Grays Harbor,Taholah 0045,,,,BALLOTS CAST,211
Grays Harbor,Vesta 0046,,,,BALLOTS CAST,40
Grays Harbor,Westport Rural 0047,,,,BALLOTS CAST,218
Grays Harbor,Wilderness 0048,,,,BALLOTS CAST,159
Grays Harbor,Wishkah 0050,,,,BALLOTS CAST,332
Grays Harbor,Wynooche 0052,,,,BALLOTS CAST,509
Grays Harbor,Aberdeen 0111,,,,BALLOTS CAST,386
Grays Harbor,Aberdeen 0112,,,,BALLOTS CAST,443
Grays Harbor,Aberdeen 0121,,,,BALLOTS CAST,345
Grays Harbor,Aberdeen 0122,,,,BALLOTS CAST,282
Grays Harbor,Aberdeen 0131,,,,BALLOTS CAST,327
Grays Harbor,Aberdeen 0132,,,,BALLOTS CAST,639
Grays Harbor,Aberdeen 0141,,,,BALLOTS CAST,272
Grays Harbor,Aberdeen 0142,,,,BALLOTS CAST,557
Grays Harbor,Aberdeen 0143,,,,BALLOTS CAST,404
Grays Harbor,Aberdeen 0151,,,,BALLOTS CAST,456
Grays Harbor,Aberdeen 0161,,,,BALLOTS CAST,276
Grays Harbor,Aberdeen 0162,,,,BALLOTS CAST,403
Grays Harbor,Cosmopolis 0201,,,,BALLOTS CAST,713
Grays Harbor,Elma 0301,,,,BALLOTS CAST,286
Grays Harbor,Elma 0302,,,,BALLOTS CAST,274
Grays Harbor,Elma 0303,,,,BALLOTS CAST,444
Grays Harbor,Hoquiam 0411,,,,BALLOTS CAST,508
Grays Harbor,Hoquiam 0421,,,,BALLOTS CAST,388
Grays Harbor,Hoquiam 0431,,,,BALLOTS CAST,488
Grays Harbor,Hoquiam 0441,,,,BALLOTS CAST,556
Grays Harbor,Hoquiam 0451,,,,BALLOTS CAST,338
Grays Harbor,Hoquiam 0461,,,,BALLOTS CAST,371
Grays Harbor,McCleary 0501,,,,BALLOTS CAST,549
Grays Harbor,Montesano 0601,,,,BALLOTS CAST,468
Grays Harbor,Montesano 0602,,,,BALLOTS CAST,466
Grays Harbor,Montesano 0604,,,,BALLOTS CAST,399
Grays Harbor,Montesano 0605,,,,BALLOTS CAST,386
Grays Harbor,Oakville 0701,,,,BALLOTS CAST,0
Grays Harbor,Ocean Shores 0801,,,,BALLOTS CAST,220
Grays Harbor,Ocean Shores 0802,,,,BALLOTS CAST,579
Grays Harbor,Ocean Shores 0803,,,,BALLOTS CAST,475
Grays Harbor,Ocean Shores 0804,,,,BALLOTS CAST,654
Grays Harbor,Westport 0901,,,,BALLOTS CAST,957
Grays Harbor,Westport 0902,,,,BALLOTS CAST,301
6,Artic 0002,U.S. SENATOR,,D,Patty Murray,53
6,Axford 0003,U.S. SENATOR,,D,Patty Murray,77
6,Blockhouse 0004,U.S. SENATOR,,D,Patty Murray,265
6,Brady 0005,U.S. SENATOR,,D,Patty Murray,178
6,Bush 0006,U.S. SENATOR,,D,Patty Murray,266
6,Calder 007,U.S. SENATOR,,D,Patty Murray,266
6,Selma 0008,U.S. SENATOR,,D,Patty Murray,120
6,Central Park 0009,U.S. SENATOR,,D,Patty Murray,237
6,Central Park 0010,U.S. SENATOR,,D,Patty Murray,178
6,Central Park 0012,U.S. SENATOR,,D,Patty Murray,237
6,Coats Landing 0014,U.S. SENATOR,,D,Patty Murray,201
6,Bay 0017,U.S. SENATOR,,D,Patty Murray,39
6,Geissler 0021,U.S. SENATOR,,D,Patty Murray,17
6,Grayland 0023,U.S. SENATOR,,D,Patty Murray,196
6,Hoquiam Rural 0025,U.S. SENATOR,,D,Patty Murray,219
6,Humptulips 0026,U.S. SENATOR,,D,Patty Murray,36
6,Crane 0029,U.S. SENATOR,,D,Patty Murray,47
6,McCleary Rural 0030,U.S. SENATOR,,D,Patty Murray,256
6,Melbourne 0031,U.S. SENATOR,,D,Patty Murray,289
6,Moclips 0032,U.S. SENATOR,,D,Patty Murray,138
6,Montesano Rural 0033,U.S. SENATOR,,D,Patty Murray,180
6,Newskah 0036,U.S. SENATOR,,D,Patty Murray,57
6,Ocean City 0038,U.S. SENATOR,,D,Patty Murray,239
6,Ocosta 0039,U.S. SENATOR,,D,Patty Murray,181
6,Porter 0041,U.S. SENATOR,,D,Patty Murray,245
6,Quinault 0042,U.S. SENATOR,,D,Patty Murray,128
6,Simpson 0044,U.S. SENATOR,,D,Patty Murray,72
6,Taholah 0045,U.S. SENATOR,,D,Patty Murray,185
6,Vesta 0046,U.S. SENATOR,,D,Patty Murray,19
6,Westport Rural 0047,U.S. SENATOR,,D,Patty Murray,98
6,Wilderness 0048,U.S. SENATOR,,D,Patty Murray,67
6,Wishkah 0050,U.S. SENATOR,,D,Patty Murray,119
6,Wynooche 0052,U.S. SENATOR,,D,Patty Murray,235
6,Aberdeen 0111,U.S. SENATOR,,D,Patty Murray,223
6,Aberdeen 0112,U.S. SENATOR,,D,Patty Murray,251
6,Aberdeen 0121,U.S. SENATOR,,D,Patty Murray,170
6,Aberdeen 0122,U.S. SENATOR,,D,Patty Murray,187
6,Aberdeen 0131,U.S. SENATOR,,D,Patty Murray,178
6,Aberdeen 0132,U.S. SENATOR,,D,Patty Murray,331
6,Aberdeen 0141,U.S. SENATOR,,D,Patty Murray,116
6,Aberdeen 0142,U.S. SENATOR,,D,Patty Murray,295
6,Aberdeen 0143,U.S. SENATOR,,D,Patty Murray,203
6,Aberdeen 0151,U.S. SENATOR,,D,Patty Murray,258
6,Aberdeen 0161,U.S. SENATOR,,D,Patty Murray,156
6,Aberdeen 0162,U.S. SENATOR,,D,Patty Murray,212
6,Cosmopolis 0201,U.S. SENATOR,,D,Patty Murray,350
6,Elma 0301,U.S. SENATOR,,D,Patty Murray,155
6,Elma 0302,U.S. SENATOR,,D,Patty Murray,123
6,Elma 0303,U.S. SENATOR,,D,Patty Murray,238
6,Hoquiam 0411,U.S. SENATOR,,D,Patty Murray,284
6,Hoquiam 0421,U.S. SENATOR,,D,Patty Murray,220
6,Hoquiam 0431,U.S. SENATOR,,D,Patty Murray,279
6,Hoquiam 0441,U.S. SENATOR,,D,Patty Murray,295
6,Hoquiam 0451,U.S. SENATOR,,D,Patty Murray,178
6,Hoquiam 0461,U.S. SENATOR,,D,Patty Murray,200
6,McCleary 0501,U.S. SENATOR,,D,Patty Murray,284
6,Montesano 0601,U.S. SENATOR,,D,Patty Murray,253
6,Montesano 0602,U.S. SENATOR,,D,Patty Murray,251
6,Montesano 0604,U.S. SENATOR,,D,Patty Murray,222
6,Montesano 0605,U.S. SENATOR,,D,Patty Murray,213
6,Montesano 0606,U.S. SENATOR,,D,Patty Murray,0
6,Oakville 0701,U.S. SENATOR,,D,Patty Murray,95
6,Ocean Shores 0801,U.S. SENATOR,,D,Patty Murray,300
6,Ocean Shores 0802,U.S. SENATOR,,D,Patty Murray,245
6,Ocean Shores 0803,U.S. SENATOR,,D,Patty Murray,335
6,Ocean Shores 0804,U.S. SENATOR,,D,Patty Murray,449
6,Westport 0901,U.S. SENATOR,,D,Patty Murray,157
6,Westport 0902,U.S. SENATOR,,D,Patty Murray,240
6,Artic 0002,U.S. SENATOR,,R,Dino Rossi,40
6,Axford 0003,U.S. SENATOR,,R,Dino Rossi,92
6,Blockhouse 0004,U.S. SENATOR,,R,Dino Rossi,338
6,Brady 0005,U.S. SENATOR,,R,Dino Rossi,181
6,Bush 0006,U.S. SENATOR,,R,Dino Rossi,282
6,Calder 007,U.S. SENATOR,,R,Dino Rossi,356
6,Selma 0008,U.S. SENATOR,,R,Dino Rossi,133
6,Central Park 0009,U.S. SENATOR,,R,Dino Rossi,183
6,Central Park 0010,U.S. SENATOR,,R,Dino Rossi,205
6,Central Park 0012,U.S. SENATOR,,R,Dino Rossi,278
6,Coats Landing 0014,U.S. SENATOR,,R,Dino Rossi,207
6,Bay 0017,U.S. SENATOR,,R,Dino Rossi,30
6,Geissler 0021,U.S. SENATOR,,R,Dino Rossi,14
6,Grayland 0023,U.S. SENATOR,,R,Dino Rossi,198
6,Hoquiam Rural 0025,U.S. SENATOR,,R,Dino Rossi,297
6,Humptulips 0026,U.S. SENATOR,,R,Dino Rossi,32
6,Crane 0029,U.S. SENATOR,,R,Dino Rossi,79
6,McCleary Rural 0030,U.S. SENATOR,,R,Dino Rossi,308
6,Melbourne 0031,U.S. SENATOR,,R,Dino Rossi,289
6,Moclips 0032,U.S. SENATOR,,R,Dino Rossi,105
6,Montesano Rural 0033,U.S. SENATOR,,R,Dino Rossi,145
6,Newskah 0036,U.S. SENATOR,,R,Dino Rossi,46
6,Ocean City 0038,U.S. SENATOR,,R,Dino Rossi,172
6,Ocosta 0039,U.S. SENATOR,,R,Dino Rossi,165
6,Porter 0041,U.S. SENATOR,,R,Dino Rossi,342
6,Quinault 0042,U.S. SENATOR,,R,Dino Rossi,165
6,Simpson 0044,U.S. SENATOR,,R,Dino Rossi,90
6,Taholah 0045,U.S. SENATOR,,R,Dino Rossi,23
6,Vesta 0046,U.S. SENATOR,,R,Dino Rossi,19
6,Westport Rural 0047,U.S. SENATOR,,R,Dino Rossi,114
6,Wilderness 0048,U.S. SENATOR,,R,Dino Rossi,88
6,Wishkah 0050,U.S. SENATOR,,R,Dino Rossi,209
6,Wynooche 0052,U.S. SENATOR,,R,Dino Rossi,258
6,Aberdeen 0111,U.S. SENATOR,,R,Dino Rossi,148
6,Aberdeen 0112,U.S. SENATOR,,R,Dino Rossi,177
6,Aberdeen 0121,U.S. SENATOR,,R,Dino Rossi,165
6,Aberdeen 0122,U.S. SENATOR,,R,Dino Rossi,86
6,Aberdeen 0131,U.S. SENATOR,,R,Dino Rossi,141
6,Aberdeen 0132,U.S. SENATOR,,R,Dino Rossi,290
6,Aberdeen 0141,U.S. SENATOR,,R,Dino Rossi,153
6,Aberdeen 0142,U.S. SENATOR,,R,Dino Rossi,247
6,Aberdeen 0143,U.S. SENATOR,,R,Dino Rossi,194
6,Aberdeen 0151,U.S. SENATOR,,R,Dino Rossi,183
6,Aberdeen 0161,U.S. SENATOR,,R,Dino Rossi,118
6,Aberdeen 0162,U.S. SENATOR,,R,Dino Rossi,168
6,Cosmopolis 0201,U.S. SENATOR,,R,Dino Rossi,343
6,Elma 0301,U.S. SENATOR,,R,Dino Rossi,121
6,Elma 0302,U.S. SENATOR,,R,Dino Rossi,147
6,Elma 0303,U.S. SENATOR,,R,Dino Rossi,188
6,Hoquiam 0411,U.S. SENATOR,,R,Dino Rossi,210
6,Hoquiam 0421,U.S. SENATOR,,R,Dino Rossi,151
6,Hoquiam 0431,U.S. SENATOR,,R,Dino Rossi,202
6,Hoquiam 0441,U.S. SENATOR,,R,Dino Rossi,246
6,Hoquiam 0451,U.S. SENATOR,,R,Dino Rossi,147
6,Hoquiam 0461,U.S. SENATOR,,R,Dino Rossi,158
6,McCleary 0501,U.S. SENATOR,,R,Dino Rossi,247
6,Montesano 0601,U.S. SENATOR,,R,Dino Rossi,200
6,Montesano 0602,U.S. SENATOR,,R,Dino Rossi,206
6,Montesano 0604,U.S. SENATOR,,R,Dino Rossi,169
6,Montesano 0605,U.S. SENATOR,,R,Dino Rossi,163
6,Montesano 0606,U.S. SENATOR,,R,Dino Rossi,0
6,Oakville 0701,U.S. SENATOR,,R,Dino Rossi,121
6,Ocean Shores 0801,U.S. SENATOR,,R,Dino Rossi,264
6,Ocean Shores 0802,U.S. SENATOR,,R,Dino Rossi,219
6,Ocean Shores 0803,U.S. SENATOR,,R,Dino Rossi,307
6,Ocean Shores 0804,U.S. SENATOR,,R,Dino Rossi,491
6,Westport 0901,U.S. SENATOR,,R,Dino Rossi,132
6,Westport 0902,U.S. SENATOR,,R,Dino Rossi,224
6,Artic 0002,U.S. REPRESENTATIVE DIST. NO. 6,6,D,Norm Dicks,53
6,Axford 0003,U.S. REPRESENTATIVE DIST. NO. 6,6,D,Norm Dicks,89
6,Blockhouse 0004,U.S. REPRESENTATIVE DIST. NO. 6,6,D,Norm Dicks,266
6,Brady 0005,U.S. REPRESENTATIVE DIST. NO. 6,6,D,Norm Dicks,189
6,Bush 0006,U.S. REPRESENTATIVE DIST. NO. 6,6,D,Norm Dicks,286
6,Calder 007,U.S. REPRESENTATIVE DIST. NO. 6,6,D,Norm Dicks,277
6,Selma 0008,U.S. REPRESENTATIVE DIST. NO. 6,6,D,Norm Dicks,128
6,Central Park 0009,U.S. REPRESENTATIVE DIST. NO. 6,6,D,Norm Dicks,252
6,Central Park 0010,U.S. REPRESENTATIVE DIST. NO. 6,6,D,Norm Dicks,203
6,Central Park 0012,U.S. REPRESENTATIVE DIST. NO. 6,6,D,Norm Dicks,264
6,Coats Landing 0014,U.S. REPRESENTATIVE DIST. NO. 6,6,D,Norm Dicks,213
6,Bay 0017,U.S. REPRESENTATIVE DIST. NO. 6,6,D,Norm Dicks,43
6,Geissler 0021,U.S. REPRESENTATIVE DIST. NO. 6,6,D,Norm Dicks,18
6,Grayland 0023,U.S. REPRESENTATIVE DIST. NO. 6,6,D,Norm Dicks,214
6,Hoquiam Rural 0025,U.S. REPRESENTATIVE DIST. NO. 6,6,D,Norm Dicks,244
6,Humptulips 0026,U.S. REPRESENTATIVE DIST. NO. 6,6,D,Norm Dicks,31
6,Crane 0029,U.S. REPRESENTATIVE DIST. NO. 6,6,D,Norm Dicks,61
6,McCleary Rural 0030,U.S. REPRESENTATIVE DIST. NO. 6,6,D,Norm Dicks,261
6,Melbourne 0031,U.S. REPRESENTATIVE DIST. NO. 6,6,D,Norm Dicks,302
6,Moclips 0032,U.S. REPRESENTATIVE DIST. NO. 6,6,D,Norm Dicks,138
6,Montesano Rural 0033,U.S. REPRESENTATIVE DIST. NO. 6,6,D,Norm Dicks,190
6,Newskah 0036,U.S. REPRESENTATIVE DIST. NO. 6,6,D,Norm Dicks,58
6,Ocean City 0038,U.S. REPRESENTATIVE DIST. NO. 6,6,D,Norm Dicks,237
6,Ocosta 0039,U.S. REPRESENTATIVE DIST. NO. 6,6,D,Norm Dicks,197
6,Porter 0041,U.S. REPRESENTATIVE DIST. NO. 6,6,D,Norm Dicks,285
6,Quinault 0042,U.S. REPRESENTATIVE DIST. NO. 6,6,D,Norm Dicks,145
6,Simpson 0044,U.S. REPRESENTATIVE DIST. NO. 6,6,D,Norm Dicks,84
6,Taholah 0045,U.S. REPRESENTATIVE DIST. NO. 6,6,D,Norm Dicks,190
6,Vesta 0046,U.S. REPRESENTATIVE DIST. NO. 6,6,D,Norm Dicks,22
6,Westport Rural 0047,U.S. REPRESENTATIVE DIST. NO. 6,6,D,Norm Dicks,114
6,Wilderness 0048,U.S. REPRESENTATIVE DIST. NO. 6,6,D,Norm Dicks,69
6,Wishkah 0050,U.S. REPRESENTATIVE DIST. NO. 6,6,D,Norm Dicks,133
6,Wynooche 0052,U.S. REPRESENTATIVE DIST. NO. 6,6,D,Norm Dicks,244
6,Aberdeen 0111,U.S. REPRESENTATIVE DIST. NO. 6,6,D,Norm Dicks,232
6,Aberdeen 0112,U.S. REPRESENTATIVE DIST. NO. 6,6,D,Norm Dicks,266
6,Aberdeen 0121,U.S. REPRESENTATIVE DIST. NO. 6,6,D,Norm Dicks,182
6,Aberdeen 0122,U.S. REPRESENTATIVE DIST. NO. 6,6,D,Norm Dicks,187
6,Aberdeen 0131,U.S. REPRESENTATIVE DIST. NO. 6,6,D,Norm Dicks,193
6,Aberdeen 0132,U.S. REPRESENTATIVE DIST. NO. 6,6,D,Norm Dicks,363
6,Aberdeen 0141,U.S. REPRESENTATIVE DIST. NO. 6,6,D,Norm Dicks,141
6,Aberdeen 0142,U.S. REPRESENTATIVE DIST. NO. 6,6,D,Norm Dicks,300
6,Aberdeen 0143,U.S. REPRESENTATIVE DIST. NO. 6,6,D,Norm Dicks,223
6,Aberdeen 0151,U.S. REPRESENTATIVE DIST. NO. 6,6,D,Norm Dicks,266
6,Aberdeen 0161,U.S. REPRESENTATIVE DIST. NO. 6,6,D,Norm Dicks,156
6,Aberdeen 0162,U.S. REPRESENTATIVE DIST. NO. 6,6,D,Norm Dicks,223
6,Cosmopolis 0201,U.S. REPRESENTATIVE DIST. NO. 6,6,D,Norm Dicks,401
6,Elma 0301,U.S. REPRESENTATIVE DIST. NO. 6,6,D,Norm Dicks,153
6,Elma 0302,U.S. REPRESENTATIVE DIST. NO. 6,6,D,Norm Dicks,123
6,Elma 0303,U.S. REPRESENTATIVE DIST. NO. 6,6,D,Norm Dicks,241
6,Hoquiam 0411,U.S. REPRESENTATIVE DIST. NO. 6,6,D,Norm Dicks,300
6,Hoquiam 0421,U.S. REPRESENTATIVE DIST. NO. 6,6,D,Norm Dicks,258
6,Hoquiam 0431,U.S. REPRESENTATIVE DIST. NO. 6,6,D,Norm Dicks,305
6,Hoquiam 0441,U.S. REPRESENTATIVE DIST. NO. 6,6,D,Norm Dicks,332
6,Hoquiam 0451,U.S. REPRESENTATIVE DIST. NO. 6,6,D,Norm Dicks,194
6,Hoquiam 0461,U.S. REPRESENTATIVE DIST. NO. 6,6,D,Norm Dicks,215
6,McCleary 0501,U.S. REPRESENTATIVE DIST. NO. 6,6,D,Norm Dicks,284
6,Montesano 0601,U.S. REPRESENTATIVE DIST. NO. 6,6,D,Norm Dicks,256
6,Montesano 0602,U.S. REPRESENTATIVE DIST. NO. 6,6,D,Norm Dicks,261
6,Montesano 0604,U.S. REPRESENTATIVE DIST. NO. 6,6,D,Norm Dicks,246
6,Montesano 0605,U.S. REPRESENTATIVE DIST. NO. 6,6,D,Norm Dicks,217
6,Montesano 0606,U.S. REPRESENTATIVE DIST. NO. 6,6,D,Norm Dicks,0
6,Oakville 0701,U.S. REPRESENTATIVE DIST. NO. 6,6,D,Norm Dicks,109
6,Ocean Shores 0801,U.S. REPRESENTATIVE DIST. NO. 6,6,D,Norm Dicks,311
6,Ocean Shores 0802,U.S. REPRESENTATIVE DIST. NO. 6,6,D,Norm Dicks,237
6,Ocean Shores 0803,U.S. REPRESENTATIVE DIST. NO. 6,6,D,Norm Dicks,349
6,Ocean Shores 0804,U.S. REPRESENTATIVE DIST. NO. 6,6,D,Norm Dicks,468
6,Westport 0901,U.S. REPRESENTATIVE DIST. NO. 6,6,D,Norm Dicks,176
6,Westport 0902,U.S. REPRESENTATIVE DIST. NO. 6,6,D,Norm Dicks,263
6,Artic 0002,U.S. REPRESENTATIVE DIST. NO. 6,6,R,Doug Cloud,41
6,Axford 0003,U.S. REPRESENTATIVE DIST. NO. 6,6,R,Doug Cloud,82
6,Blockhouse 0004,U.S. REPRESENTATIVE DIST. NO. 6,6,R,Doug Cloud,320
6,Brady 0005,U.S. REPRESENTATIVE DIST. NO. 6,6,R,Doug Cloud,165
6,Bush 0006,U.S. REPRESENTATIVE DIST. NO. 6,6,R,Doug Cloud,261
6,Calder 007,U.S. REPRESENTATIVE DIST. NO. 6,6,R,Doug Cloud,340
6,Selma 0008,U.S. REPRESENTATIVE DIST. NO. 6,6,R,Doug Cloud,127
6,Central Park 0009,U.S. REPRESENTATIVE DIST. NO. 6,6,R,Doug Cloud,170
6,Central Park 0010,U.S. REPRESENTATIVE DIST. NO. 6,6,R,Doug Cloud,172
6,Central Park 0012,U.S. REPRESENTATIVE DIST. NO. 6,6,R,Doug Cloud,244
6,Coats Landing 0014,U.S. REPRESENTATIVE DIST. NO. 6,6,R,Doug Cloud,197
6,Bay 0017,U.S. REPRESENTATIVE DIST. NO. 6,6,R,Doug Cloud,26
6,Geissler 0021,U.S. REPRESENTATIVE DIST. NO. 6,6,R,Doug Cloud,13
6,Grayland 0023,U.S. REPRESENTATIVE DIST. NO. 6,6,R,Doug Cloud,185
6,Hoquiam Rural 0025,U.S. REPRESENTATIVE DIST. NO. 6,6,R,Doug Cloud,271
6,Humptulips 0026,U.S. REPRESENTATIVE DIST. NO. 6,6,R,Doug Cloud,35
6,Crane 0029,U.S. REPRESENTATIVE DIST. NO. 6,6,R,Doug Cloud,62
6,McCleary Rural 0030,U.S. REPRESENTATIVE DIST. NO. 6,6,R,Doug Cloud,288
6,Melbourne 0031,U.S. REPRESENTATIVE DIST. NO. 6,6,R,Doug Cloud,270
6,Moclips 0032,U.S. REPRESENTATIVE DIST. NO. 6,6,R,Doug Cloud,104
6,Montesano Rural 0033,U.S. REPRESENTATIVE DIST. NO. 6,6,R,Doug Cloud,135
6,Newskah 0036,U.S. REPRESENTATIVE DIST. NO. 6,6,R,Doug Cloud,45
6,Ocean City 0038,U.S. REPRESENTATIVE DIST. NO. 6,6,R,Doug Cloud,173
6,Ocosta 0039,U.S. REPRESENTATIVE DIST. NO. 6,6,R,Doug Cloud,145
6,Porter 0041,U.S. REPRESENTATIVE DIST. NO. 6,6,R,Doug Cloud,304
6,Quinault 0042,U.S. REPRESENTATIVE DIST. NO. 6,6,R,Doug Cloud,150
6,Simpson 0044,U.S. REPRESENTATIVE DIST. NO. 6,6,R,Doug Cloud,81
6,Taholah 0045,U.S. REPRESENTATIVE DIST. NO. 6,6,R,Doug Cloud,19
6,Vesta 0046,U.S. REPRESENTATIVE DIST. NO. 6,6,R,Doug Cloud,17
6,Westport Rural 0047,U.S. REPRESENTATIVE DIST. NO. 6,6,R,Doug Cloud,100
6,Wilderness 0048,U.S. REPRESENTATIVE DIST. NO. 6,6,R,Doug Cloud,86
6,Wishkah 0050,U.S. REPRESENTATIVE DIST. NO. 6,6,R,Doug Cloud,194
6,Wynooche 0052,U.S. REPRESENTATIVE DIST. NO. 6,6,R,Doug Cloud,246
6,Aberdeen 0111,U.S. REPRESENTATIVE DIST. NO. 6,6,R,Doug Cloud,137
6,Aberdeen 0112,U.S. REPRESENTATIVE DIST. NO. 6,6,R,Doug Cloud,168
6,Aberdeen 0121,U.S. REPRESENTATIVE DIST. NO. 6,6,R,Doug Cloud,151
6,Aberdeen 0122,U.S. REPRESENTATIVE DIST. NO. 6,6,R,Doug Cloud,88
6,Aberdeen 0131,U.S. REPRESENTATIVE DIST. NO. 6,6,R,Doug Cloud,126
6,Aberdeen 0132,U.S. REPRESENTATIVE DIST. NO. 6,6,R,Doug Cloud,259
6,Aberdeen 0141,U.S. REPRESENTATIVE DIST. NO. 6,6,R,Doug Cloud,121
6,Aberdeen 0142,U.S. REPRESENTATIVE DIST. NO. 6,6,R,Doug Cloud,236
6,Aberdeen 0143,U.S. REPRESENTATIVE DIST. NO. 6,6,R,Doug Cloud,173
6,Aberdeen 0151,U.S. REPRESENTATIVE DIST. NO. 6,6,R,Doug Cloud,170
6,Aberdeen 0161,U.S. REPRESENTATIVE DIST. NO. 6,6,R,Doug Cloud,111
6,Aberdeen 0162,U.S. REPRESENTATIVE DIST. NO. 6,6,R,Doug Cloud,161
6,Cosmopolis 0201,U.S. REPRESENTATIVE DIST. NO. 6,6,R,Doug Cloud,299
6,Elma 0301,U.S. REPRESENTATIVE DIST. NO. 6,6,R,Doug Cloud,122
6,Elma 0302,U.S. REPRESENTATIVE DIST. NO. 6,6,R,Doug Cloud,140
6,Elma 0303,U.S. REPRESENTATIVE DIST. NO. 6,6,R,Doug Cloud,188
6,Hoquiam 0411,U.S. REPRESENTATIVE DIST. NO. 6,6,R,Doug Cloud,196
6,Hoquiam 0421,U.S. REPRESENTATIVE DIST. NO. 6,6,R,Doug Cloud,118
6,Hoquiam 0431,U.S. REPRESENTATIVE DIST. NO. 6,6,R,Doug Cloud,167
6,Hoquiam 0441,U.S. REPRESENTATIVE DIST. NO. 6,6,R,Doug Cloud,210
6,Hoquiam 0451,U.S. REPRESENTATIVE DIST. NO. 6,6,R,Doug Cloud,130
6,Hoquiam 0461,U.S. REPRESENTATIVE DIST. NO. 6,6,R,Doug Cloud,137
6,McCleary 0501,U.S. REPRESENTATIVE DIST. NO. 6,6,R,Doug Cloud,241
6,Montesano 0601,U.S. REPRESENTATIVE DIST. NO. 6,6,R,Doug Cloud,184
6,Montesano 0602,U.S. REPRESENTATIVE DIST. NO. 6,6,R,Doug Cloud,190
6,Montesano 0604,U.S. REPRESENTATIVE DIST. NO. 6,6,R,Doug Cloud,142
6,Montesano 0605,U.S. REPRESENTATIVE DIST. NO. 6,6,R,Doug Cloud,158
6,Montesano 0606,U.S. REPRESENTATIVE DIST. NO. 6,6,R,Doug Cloud,0
6,Oakville 0701,U.S. REPRESENTATIVE DIST. NO. 6,6,R,Doug Cloud,108
6,Ocean Shores 0801,U.S. REPRESENTATIVE DIST. NO. 6,6,R,Doug Cloud,252
6,Ocean Shores 0802,U.S. REPRESENTATIVE DIST. NO. 6,6,R,Doug Cloud,224
6,Ocean Shores 0803,U.S. REPRESENTATIVE DIST. NO. 6,6,R,Doug Cloud,291
6,Ocean Shores 0804,U.S. REPRESENTATIVE DIST. NO. 6,6,R,Doug Cloud,461
6,Westport 0901,U.S. REPRESENTATIVE DIST. NO. 6,6,R,Doug Cloud,117
6,Westport 0902,U.S. REPRESENTATIVE DIST. NO. 6,6,R,Doug Cloud,189
6,Blockhouse 0004,STATE SENATOR DISTRICT NO. 35,35,D,Tim Sheldon,328
6,Bush 0006,STATE SENATOR DISTRICT NO. 35,35,D,Tim Sheldon,345
6,Calder 007,STATE SENATOR DISTRICT NO. 35,35,D,Tim Sheldon,378
6,Selma 0008,STATE SENATOR DISTRICT NO. 35,35,D,Tim Sheldon,154
6,McCleary Rural 0030,STATE SENATOR DISTRICT NO. 35,35,D,Tim Sheldon,347
6,Porter 0041,STATE SENATOR DISTRICT NO. 35,35,D,Tim Sheldon,340
6,Elma 0301,STATE SENATOR DISTRICT NO. 35,35,D,Tim Sheldon,194
6,Elma 0302,STATE SENATOR DISTRICT NO. 35,35,D,Tim Sheldon,156
6,Elma 0303,STATE SENATOR DISTRICT NO. 35,35,D,Tim Sheldon,272
6,McCleary 0501,STATE SENATOR DISTRICT NO. 35,35,D,Tim Sheldon,341
6,Oakville 0701,STATE SENATOR DISTRICT NO. 35,35,D,Tim Sheldon,117
6,Blockhouse 0004,STATE SENATOR DISTRICT NO. 35,35,R,Nancy Williams,255
6,Bush 0006,STATE SENATOR DISTRICT NO. 35,35,R,Nancy Williams,186
6,Calder 007,STATE SENATOR DISTRICT NO. 35,35,R,Nancy Williams,218
6,Selma 0008,STATE SENATOR DISTRICT NO. 35,35,R,Nancy Williams,93
6,McCleary Rural 0030,STATE SENATOR DISTRICT NO. 35,35,R,Nancy Williams,205
6,Porter 0041,STATE SENATOR DISTRICT NO. 35,35,R,Nancy Williams,237
6,Elma 0301,STATE SENATOR DISTRICT NO. 35,35,R,Nancy Williams,80
6,Elma 0302,STATE SENATOR DISTRICT NO. 35,35,R,Nancy Williams,105
6,Elma 0303,STATE SENATOR DISTRICT NO. 35,35,R,Nancy Williams,145
6,McCleary 0501,STATE SENATOR DISTRICT NO. 35,35,R,Nancy Williams,182
6,Oakville 0701,STATE SENATOR DISTRICT NO. 35,35,R,Nancy Williams,94
6,Artic 0002,STATE REPRESENTATIVE 19 POS 1,19,D,Dean Takko,56
6,Bay 0017,STATE REPRESENTATIVE 19 POS 1,19,D,Dean Takko,53
6,Grayland 0023,STATE REPRESENTATIVE 19 POS 1,19,D,Dean Takko,218
6,Crane 0029,STATE REPRESENTATIVE 19 POS 1,19,D,Dean Takko,63
6,Melbourne 0031,STATE REPRESENTATIVE 19 POS 1,19,D,Dean Takko,314
6,Newskah 0036,STATE REPRESENTATIVE 19 POS 1,19,D,Dean Takko,62
6,Ocosta 0039,STATE REPRESENTATIVE 19 POS 1,19,D,Dean Takko,208
6,Vesta 0046,STATE REPRESENTATIVE 19 POS 1,19,D,Dean Takko,26
6,Westport Rural 0047,STATE REPRESENTATIVE 19 POS 1,19,D,Dean Takko,107
6,Aberdeen 0111,STATE REPRESENTATIVE 19 POS 1,19,D,Dean Takko,239
6,Aberdeen 0112,STATE REPRESENTATIVE 19 POS 1,19,D,Dean Takko,272
6,Aberdeen 0121,STATE REPRESENTATIVE 19 POS 1,19,D,Dean Takko,190
6,Aberdeen 0122,STATE REPRESENTATIVE 19 POS 1,19,D,Dean Takko,192
6,Aberdeen 0131,STATE REPRESENTATIVE 19 POS 1,19,D,Dean Takko,192
6,Aberdeen 0132,STATE REPRESENTATIVE 19 POS 1,19,D,Dean Takko,372
6,Aberdeen 0141,STATE REPRESENTATIVE 19 POS 1,19,D,Dean Takko,138
6,Aberdeen 0142,STATE REPRESENTATIVE 19 POS 1,19,D,Dean Takko,319
6,Aberdeen 0143,STATE REPRESENTATIVE 19 POS 1,19,D,Dean Takko,224
6,Aberdeen 0151,STATE REPRESENTATIVE 19 POS 1,19,D,Dean Takko,254
6,Aberdeen 0161,STATE REPRESENTATIVE 19 POS 1,19,D,Dean Takko,161
6,Aberdeen 0162,STATE REPRESENTATIVE 19 POS 1,19,D,Dean Takko,231
6,Cosmopolis 0201,STATE REPRESENTATIVE 19 POS 1,19,D,Dean Takko,416
6,Westport 0901,STATE REPRESENTATIVE 19 POS 1,19,D,Dean Takko,182
6,Westport 0902,STATE REPRESENTATIVE 19 POS 1,19,D,Dean Takko,255
6,Artic 0002,STATE REPRESENTATIVE 19 POS 1,19,R,Kurt Swanson,32
6,Bay 0017,STATE REPRESENTATIVE 19 POS 1,19,R,Kurt Swanson,13
6,Grayland 0023,STATE REPRESENTATIVE 19 POS 1,19,R,Kurt Swanson,170
6,Crane 0029,STATE REPRESENTATIVE 19 POS 1,19,R,Kurt Swanson,59
6,Melbourne 0031,STATE REPRESENTATIVE 19 POS 1,19,R,Kurt Swanson,240
6,Newskah 0036,STATE REPRESENTATIVE 19 POS 1,19,R,Kurt Swanson,42
6,Ocosta 0039,STATE REPRESENTATIVE 19 POS 1,19,R,Kurt Swanson,133
6,Vesta 0046,STATE REPRESENTATIVE 19 POS 1,19,R,Kurt Swanson,11
6,Westport Rural 0047,STATE REPRESENTATIVE 19 POS 1,19,R,Kurt Swanson,99
6,Aberdeen 0111,STATE REPRESENTATIVE 19 POS 1,19,R,Kurt Swanson,120
6,Aberdeen 0112,STATE REPRESENTATIVE 19 POS 1,19,R,Kurt Swanson,151
6,Aberdeen 0121,STATE REPRESENTATIVE 19 POS 1,19,R,Kurt Swanson,131
6,Aberdeen 0122,STATE REPRESENTATIVE 19 POS 1,19,R,Kurt Swanson,72
6,Aberdeen 0131,STATE REPRESENTATIVE 19 POS 1,19,R,Kurt Swanson,119
6,Aberdeen 0132,STATE REPRESENTATIVE 19 POS 1,19,R,Kurt Swanson,241
6,Aberdeen 0141,STATE REPRESENTATIVE 19 POS 1,19,R,Kurt Swanson,113
6,Aberdeen 0142,STATE REPRESENTATIVE 19 POS 1,19,R,Kurt Swanson,212
6,Aberdeen 0143,STATE REPRESENTATIVE 19 POS 1,19,R,Kurt Swanson,154
6,Aberdeen 0151,STATE REPRESENTATIVE 19 POS 1,19,R,Kurt Swanson,171
6,Aberdeen 0161,STATE REPRESENTATIVE 19 POS 1,19,R,Kurt Swanson,107
6,Aberdeen 0162,STATE REPRESENTATIVE 19 POS 1,19,R,Kurt Swanson,144
6,Cosmopolis 0201,STATE REPRESENTATIVE 19 POS 1,19,R,Kurt Swanson,268
6,Westport 0901,STATE REPRESENTATIVE 19 POS 1,19,R,Kurt Swanson,100
6,Westport 0902,STATE REPRESENTATIVE 19 POS 1,19,R,Kurt Swanson,189
6,Artic 0002,STATE REPRESENTATIVE 19 POS 2,19,D,Brian E. Blake,50
6,Bay 0017,STATE REPRESENTATIVE 19 POS 2,19,D,Brian E. Blake,49
6,Grayland 0023,STATE REPRESENTATIVE 19 POS 2,19,D,Brian E. Blake,209
6,Crane 0029,STATE REPRESENTATIVE 19 POS 2,19,D,Brian E. Blake,60
6,Melbourne 0031,STATE REPRESENTATIVE 19 POS 2,19,D,Brian E. Blake,292
6,Newskah 0036,STATE REPRESENTATIVE 19 POS 2,19,D,Brian E. Blake,55
6,Ocosta 0039,STATE REPRESENTATIVE 19 POS 2,19,D,Brian E. Blake,204
6,Vesta 0046,STATE REPRESENTATIVE 19 POS 2,19,D,Brian E. Blake,15
6,Westport Rural 0047,STATE REPRESENTATIVE 19 POS 2,19,D,Brian E. Blake,98
6,Aberdeen 0111,STATE REPRESENTATIVE 19 POS 2,19,D,Brian E. Blake,216
6,Aberdeen 0112,STATE REPRESENTATIVE 19 POS 2,19,D,Brian E. Blake,252
6,Aberdeen 0121,STATE REPRESENTATIVE 19 POS 2,19,D,Brian E. Blake,169
6,Aberdeen 0122,STATE REPRESENTATIVE 19 POS 2,19,D,Brian E. Blake,148
6,Aberdeen 0131,STATE REPRESENTATIVE 19 POS 2,19,D,Brian E. Blake,187
6,Aberdeen 0132,STATE REPRESENTATIVE 19 POS 2,19,D,Brian E. Blake,357
6,Aberdeen 0141,STATE REPRESENTATIVE 19 POS 2,19,D,Brian E. Blake,129
6,Aberdeen 0142,STATE REPRESENTATIVE 19 POS 2,19,D,Brian E. Blake,289
6,Aberdeen 0143,STATE REPRESENTATIVE 19 POS 2,19,D,Brian E. Blake,224
6,Aberdeen 0151,STATE REPRESENTATIVE 19 POS 2,19,D,Brian E. Blake,251
6,Aberdeen 0161,STATE REPRESENTATIVE 19 POS 2,19,D,Brian E. Blake,151
6,Aberdeen 0162,STATE REPRESENTATIVE 19 POS 2,19,D,Brian E. Blake,201
6,Cosmopolis 0201,STATE REPRESENTATIVE 19 POS 2,19,D,Brian E. Blake,361
6,Westport 0901,STATE REPRESENTATIVE 19 POS 2,19,D,Brian E. Blake,172
6,Westport 0902,STATE REPRESENTATIVE 19 POS 2,19,D,Brian E. Blake,239
6,Artic 0002,STATE REPRESENTATIVE 19 POS 2,19,LTP,Tim Sutinen,45
6,Bay 0017,STATE REPRESENTATIVE 19 POS 2,19,LTP,Tim Sutinen,18
6,Grayland 0023,STATE REPRESENTATIVE 19 POS 2,19,LTP,Tim Sutinen,180
6,Crane 0029,STATE REPRESENTATIVE 19 POS 2,19,LTP,Tim Sutinen,59
6,Melbourne 0031,STATE REPRESENTATIVE 19 POS 2,19,LTP,Tim Sutinen,277
6,Newskah 0036,STATE REPRESENTATIVE 19 POS 2,19,LTP,Tim Sutinen,51
6,Ocosta 0039,STATE REPRESENTATIVE 19 POS 2,19,LTP,Tim Sutinen,135
6,Vesta 0046,STATE REPRESENTATIVE 19 POS 2,19,LTP,Tim Sutinen,24
6,Westport Rural 0047,STATE REPRESENTATIVE 19 POS 2,19,LTP,Tim Sutinen,104
6,Aberdeen 0111,STATE REPRESENTATIVE 19 POS 2,19,LTP,Tim Sutinen,155
6,Aberdeen 0112,STATE REPRESENTATIVE 19 POS 2,19,LTP,Tim Sutinen,181
6,Aberdeen 0121,STATE REPRESENTATIVE 19 POS 2,19,LTP,Tim Sutinen,160
6,Aberdeen 0122,STATE REPRESENTATIVE 19 POS 2,19,LTP,Tim Sutinen,118
6,Aberdeen 0131,STATE REPRESENTATIVE 19 POS 2,19,LTP,Tim Sutinen,126
6,Aberdeen 0132,STATE REPRESENTATIVE 19 POS 2,19,LTP,Tim Sutinen,254
6,Aberdeen 0141,STATE REPRESENTATIVE 19 POS 2,19,LTP,Tim Sutinen,131
6,Aberdeen 0142,STATE REPRESENTATIVE 19 POS 2,19,LTP,Tim Sutinen,237
6,Aberdeen 0143,STATE REPRESENTATIVE 19 POS 2,19,LTP,Tim Sutinen,165
6,Aberdeen 0151,STATE REPRESENTATIVE 19 POS 2,19,LTP,Tim Sutinen,188
6,Aberdeen 0161,STATE REPRESENTATIVE 19 POS 2,19,LTP,Tim Sutinen,113
6,Aberdeen 0162,STATE REPRESENTATIVE 19 POS 2,19,LTP,Tim Sutinen,179
6,Cosmopolis 0201,STATE REPRESENTATIVE 19 POS 2,19,LTP,Tim Sutinen,329
6,Westport 0901,STATE REPRESENTATIVE 19 POS 2,19,LTP,Tim Sutinen,120
6,Westport 0902,STATE REPRESENTATIVE 19 POS 2,19,LTP,Tim Sutinen,216
6,Axford 0003,STATE REPRESENTATIVE 24 POS 1,24,D,Kevin Van De Wege,88
6,Brady 0005,STATE REPRESENTATIVE 24 POS 1,24,D,Kevin Van De Wege,184
6,Central Park 0009,STATE REPRESENTATIVE 24 POS 1,24,D,Kevin Van De Wege,257
6,Central Park 0010,STATE REPRESENTATIVE 24 POS 1,24,D,Kevin Van De Wege,223
6,Central Park 0012,STATE REPRESENTATIVE 24 POS 1,24,D,Kevin Van De Wege,256
6,Coats Landing 0014,STATE REPRESENTATIVE 24 POS 1,24,D,Kevin Van De Wege,223
6,Geissler 0021,STATE REPRESENTATIVE 24 POS 1,24,D,Kevin Van De Wege,16
6,Hoquiam Rural 0025,STATE REPRESENTATIVE 24 POS 1,24,D,Kevin Van De Wege,255
6,Humptulips 0026,STATE REPRESENTATIVE 24 POS 1,24,D,Kevin Van De Wege,33
6,Moclips 0032,STATE REPRESENTATIVE 24 POS 1,24,D,Kevin Van De Wege,146
6,Montesano Rural 0033,STATE REPRESENTATIVE 24 POS 1,24,D,Kevin Van De Wege,203
6,Ocean City 0038,STATE REPRESENTATIVE 24 POS 1,24,D,Kevin Van De Wege,222
6,Quinault 0042,STATE REPRESENTATIVE 24 POS 1,24,D,Kevin Van De Wege,145
6,Simpson 0044,STATE REPRESENTATIVE 24 POS 1,24,D,Kevin Van De Wege,86
6,Taholah 0045,STATE REPRESENTATIVE 24 POS 1,24,D,Kevin Van De Wege,187
6,Wilderness 0048,STATE REPRESENTATIVE 24 POS 1,24,D,Kevin Van De Wege,71
6,Wishkah 0050,STATE REPRESENTATIVE 24 POS 1,24,D,Kevin Van De Wege,138
6,Wynooche 0052,STATE REPRESENTATIVE 24 POS 1,24,D,Kevin Van De Wege,247
6,Hoquiam 0411,STATE REPRESENTATIVE 24 POS 1,24,D,Kevin Van De Wege,293
6,Hoquiam 0421,STATE REPRESENTATIVE 24 POS 1,24,D,Kevin Van De Wege,251
6,Hoquiam 0431,STATE REPRESENTATIVE 24 POS 1,24,D,Kevin Van De Wege,308
6,Hoquiam 0441,STATE REPRESENTATIVE 24 POS 1,24,D,Kevin Van De Wege,333
6,Hoquiam 0451,STATE REPRESENTATIVE 24 POS 1,24,D,Kevin Van De Wege,199
6,Hoquiam 0461,STATE REPRESENTATIVE 24 POS 1,24,D,Kevin Van De Wege,218
6,Montesano 0601,STATE REPRESENTATIVE 24 POS 1,24,D,Kevin Van De Wege,281
6,Montesano 0602,STATE REPRESENTATIVE 24 POS 1,24,D,Kevin Van De Wege,268
6,Montesano 0604,STATE REPRESENTATIVE 24 POS 1,24,D,Kevin Van De Wege,241
6,Montesano 0605,STATE REPRESENTATIVE 24 POS 1,24,D,Kevin Van De Wege,217
6,Montesano 0606,STATE REPRESENTATIVE 24 POS 1,24,D,Kevin Van De Wege,0
6,Ocean Shores 0801,STATE REPRESENTATIVE 24 POS 1,24,D,Kevin Van De Wege,305
6,Ocean Shores 0802,STATE REPRESENTATIVE 24 POS 1,24,D,Kevin Van De Wege,253
6,Ocean Shores 0803,STATE REPRESENTATIVE 24 POS 1,24,D,Kevin Van De Wege,337
6,Ocean Shores 0804,STATE REPRESENTATIVE 24 POS 1,24,D,Kevin Van De Wege,469
6,Axford 0003,STATE REPRESENTATIVE 24 POS 1,24,R,Dan Gase,79
6,Brady 0005,STATE REPRESENTATIVE 24 POS 1,24,R,Dan Gase,158
6,Central Park 0009,STATE REPRESENTATIVE 24 POS 1,24,R,Dan Gase,161
6,Central Park 0010,STATE REPRESENTATIVE 24 POS 1,24,R,Dan Gase,159
6,Central Park 0012,STATE REPRESENTATIVE 24 POS 1,24,R,Dan Gase,242
6,Coats Landing 0014,STATE REPRESENTATIVE 24 POS 1,24,R,Dan Gase,184
6,Geissler 0021,STATE REPRESENTATIVE 24 POS 1,24,R,Dan Gase,15
6,Hoquiam Rural 0025,STATE REPRESENTATIVE 24 POS 1,24,R,Dan Gase,256
6,Humptulips 0026,STATE REPRESENTATIVE 24 POS 1,24,R,Dan Gase,35
6,Moclips 0032,STATE REPRESENTATIVE 24 POS 1,24,R,Dan Gase,93
6,Montesano Rural 0033,STATE REPRESENTATIVE 24 POS 1,24,R,Dan Gase,118
6,Ocean City 0038,STATE REPRESENTATIVE 24 POS 1,24,R,Dan Gase,176
6,Quinault 0042,STATE REPRESENTATIVE 24 POS 1,24,R,Dan Gase,147
6,Simpson 0044,STATE REPRESENTATIVE 24 POS 1,24,R,Dan Gase,76
6,Taholah 0045,STATE REPRESENTATIVE 24 POS 1,24,R,Dan Gase,20
6,Wilderness 0048,STATE REPRESENTATIVE 24 POS 1,24,R,Dan Gase,79
6,Wishkah 0050,STATE REPRESENTATIVE 24 POS 1,24,R,Dan Gase,181
6,Wynooche 0052,STATE REPRESENTATIVE 24 POS 1,24,R,Dan Gase,235
6,Hoquiam 0411,STATE REPRESENTATIVE 24 POS 1,24,R,Dan Gase,187
6,Hoquiam 0421,STATE REPRESENTATIVE 24 POS 1,24,R,Dan Gase,122
6,Hoquiam 0431,STATE REPRESENTATIVE 24 POS 1,24,R,Dan Gase,153
6,Hoquiam 0441,STATE REPRESENTATIVE 24 POS 1,24,R,Dan Gase,203
6,Hoquiam 0451,STATE REPRESENTATIVE 24 POS 1,24,R,Dan Gase,120
6,Hoquiam 0461,STATE REPRESENTATIVE 24 POS 1,24,R,Dan Gase,136
6,Montesano 0601,STATE REPRESENTATIVE 24 POS 1,24,R,Dan Gase,152
6,Montesano 0602,STATE REPRESENTATIVE 24 POS 1,24,R,Dan Gase,184
6,Montesano 0604,STATE REPRESENTATIVE 24 POS 1,24,R,Dan Gase,133
6,Montesano 0605,STATE REPRESENTATIVE 24 POS 1,24,R,Dan Gase,146
6,Montesano 0606,STATE REPRESENTATIVE 24 POS 1,24,R,Dan Gase,0
6,Ocean Shores 0801,STATE REPRESENTATIVE 24 POS 1,24,R,Dan Gase,249
6,Ocean Shores 0802,STATE REPRESENTATIVE 24 POS 1,24,R,Dan Gase,199
6,Ocean Shores 0803,STATE REPRESENTATIVE 24 POS 1,24,R,Dan Gase,291
6,Ocean Shores 0804,STATE REPRESENTATIVE 24 POS 1,24,R,Dan Gase,451
6,Axford 0003,STATE REPRESENTATIVE 24 POS 2,24,D,Steve Tharinger,73
6,Brady 0005,STATE REPRESENTATIVE 24 POS 2,24,D,Steve Tharinger,155
6,Central Park 0009,STATE REPRESENTATIVE 24 POS 2,24,D,Steve Tharinger,225
6,Central Park 0010,STATE REPRESENTATIVE 24 POS 2,24,D,Steve Tharinger,176
6,Central Park 0012,STATE REPRESENTATIVE 24 POS 2,24,D,Steve Tharinger,222
6,Coats Landing 0014,STATE REPRESENTATIVE 24 POS 2,24,D,Steve Tharinger,200
6,Geissler 0021,STATE REPRESENTATIVE 24 POS 2,24,D,Steve Tharinger,15
6,Hoquiam Rural 0025,STATE REPRESENTATIVE 24 POS 2,24,D,Steve Tharinger,215
6,Humptulips 0026,STATE REPRESENTATIVE 24 POS 2,24,D,Steve Tharinger,36
6,Moclips 0032,STATE REPRESENTATIVE 24 POS 2,24,D,Steve Tharinger,129
6,Montesano Rural 0033,STATE REPRESENTATIVE 24 POS 2,24,D,Steve Tharinger,175
6,Ocean City 0038,STATE REPRESENTATIVE 24 POS 2,24,D,Steve Tharinger,203
6,Quinault 0042,STATE REPRESENTATIVE 24 POS 2,24,D,Steve Tharinger,127
6,Simpson 0044,STATE REPRESENTATIVE 24 POS 2,24,D,Steve Tharinger,73
6,Taholah 0045,STATE REPRESENTATIVE 24 POS 2,24,D,Steve Tharinger,182
6,Wilderness 0048,STATE REPRESENTATIVE 24 POS 2,24,D,Steve Tharinger,62
6,Wishkah 0050,STATE REPRESENTATIVE 24 POS 2,24,D,Steve Tharinger,104
6,Wynooche 0052,STATE REPRESENTATIVE 24 POS 2,24,D,Steve Tharinger,225
6,Hoquiam 0411,STATE REPRESENTATIVE 24 POS 2,24,D,Steve Tharinger,262
6,Hoquiam 0421,STATE REPRESENTATIVE 24 POS 2,24,D,Steve Tharinger,216
6,Hoquiam 0431,STATE REPRESENTATIVE 24 POS 2,24,D,Steve Tharinger,284
6,Hoquiam 0441,STATE REPRESENTATIVE 24 POS 2,24,D,Steve Tharinger,274
6,Hoquiam 0451,STATE REPRESENTATIVE 24 POS 2,24,D,Steve Tharinger,166
6,Hoquiam 0461,STATE REPRESENTATIVE 24 POS 2,24,D,Steve Tharinger,195
6,Montesano 0601,STATE REPRESENTATIVE 24 POS 2,24,D,Steve Tharinger,248
6,Montesano 0602,STATE REPRESENTATIVE 24 POS 2,24,D,Steve Tharinger,238
6,Montesano 0604,STATE REPRESENTATIVE 24 POS 2,24,D,Steve Tharinger,211
6,Montesano 0605,STATE REPRESENTATIVE 24 POS 2,24,D,Steve Tharinger,187
6,Montesano 0606,STATE REPRESENTATIVE 24 POS 2,24,D,Steve Tharinger,0
6,Ocean Shores 0801,STATE REPRESENTATIVE 24 POS 2,24,D,Steve Tharinger,279
6,Ocean Shores 0802,STATE REPRESENTATIVE 24 POS 2,24,D,Steve Tharinger,228
6,Ocean Shores 0803,STATE REPRESENTATIVE 24 POS 2,24,D,Steve Tharinger,305
6,Ocean Shores 0804,STATE REPRESENTATIVE 24 POS 2,24,D,Steve Tharinger,429
6,Axford 0003,STATE REPRESENTATIVE 24 POS 2,24,R,Jim McEntire,92
6,Brady 0005,STATE REPRESENTATIVE 24 POS 2,24,R,Jim McEntire,187
6,Central Park 0009,STATE REPRESENTATIVE 24 POS 2,24,R,Jim McEntire,186
6,Central Park 0010,STATE REPRESENTATIVE 24 POS 2,24,R,Jim McEntire,200
6,Central Park 0012,STATE REPRESENTATIVE 24 POS 2,24,R,Jim McEntire,270
6,Coats Landing 0014,STATE REPRESENTATIVE 24 POS 2,24,R,Jim McEntire,205
6,Geissler 0021,STATE REPRESENTATIVE 24 POS 2,24,R,Jim McEntire,15
6,Hoquiam Rural 0025,STATE REPRESENTATIVE 24 POS 2,24,R,Jim McEntire,293
6,Humptulips 0026,STATE REPRESENTATIVE 24 POS 2,24,R,Jim McEntire,31
6,Moclips 0032,STATE REPRESENTATIVE 24 POS 2,24,R,Jim McEntire,112
6,Montesano Rural 0033,STATE REPRESENTATIVE 24 POS 2,24,R,Jim McEntire,143
6,Ocean City 0038,STATE REPRESENTATIVE 24 POS 2,24,R,Jim McEntire,190
6,Quinault 0042,STATE REPRESENTATIVE 24 POS 2,24,R,Jim McEntire,164
6,Simpson 0044,STATE REPRESENTATIVE 24 POS 2,24,R,Jim McEntire,87
6,Taholah 0045,STATE REPRESENTATIVE 24 POS 2,24,R,Jim McEntire,24
6,Wilderness 0048,STATE REPRESENTATIVE 24 POS 2,24,R,Jim McEntire,86
6,Wishkah 0050,STATE REPRESENTATIVE 24 POS 2,24,R,Jim McEntire,207
6,Wynooche 0052,STATE REPRESENTATIVE 24 POS 2,24,R,Jim McEntire,247
6,Hoquiam 0411,STATE REPRESENTATIVE 24 POS 2,24,R,Jim McEntire,210
6,Hoquiam 0421,STATE REPRESENTATIVE 24 POS 2,24,R,Jim McEntire,157
6,Hoquiam 0431,STATE REPRESENTATIVE 24 POS 2,24,R,Jim McEntire,176
6,Hoquiam 0441,STATE REPRESENTATIVE 24 POS 2,24,R,Jim McEntire,250
6,Hoquiam 0451,STATE REPRESENTATIVE 24 POS 2,24,R,Jim McEntire,146
6,Hoquiam 0461,STATE REPRESENTATIVE 24 POS 2,24,R,Jim McEntire,155
6,Montesano 0601,STATE REPRESENTATIVE 24 POS 2,24,R,Jim McEntire,189
6,Montesano 0602,STATE REPRESENTATIVE 24 POS 2,24,R,Jim McEntire,212
6,Montesano 0604,STATE REPRESENTATIVE 24 POS 2,24,R,Jim McEntire,164
6,Montesano 0605,STATE REPRESENTATIVE 24 POS 2,24,R,Jim McEntire,171
6,Montesano 0606,STATE REPRESENTATIVE 24 POS 2,24,R,Jim McEntire,0
6,Ocean Shores 0801,STATE REPRESENTATIVE 24 POS 2,24,R,Jim McEntire,276
6,Ocean Shores 0802,STATE REPRESENTATIVE 24 POS 2,24,R,Jim McEntire,225
6,Ocean Shores 0803,STATE REPRESENTATIVE 24 POS 2,24,R,Jim McEntire,319
6,Ocean Shores 0804,STATE REPRESENTATIVE 24 POS 2,24,R,Jim McEntire,490
6,Blockhouse 0004,STATE REPRESENTATIVE 35 POS 1,35,D,Kathy Haigh,282
6,Bush 0006,STATE REPRESENTATIVE 35 POS 1,35,D,Kathy Haigh,262
6,Calder 007,STATE REPRESENTATIVE 35 POS 1,35,D,Kathy Haigh,278
6,Selma 0008,STATE REPRESENTATIVE 35 POS 1,35,D,Kathy Haigh,133
6,McCleary Rural 0030,STATE REPRESENTATIVE 35 POS 1,35,D,Kathy Haigh,268
6,Porter 0041,STATE REPRESENTATIVE 35 POS 1,35,D,Kathy Haigh,257
6,Elma 0301,STATE REPRESENTATIVE 35 POS 1,35,D,Kathy Haigh,159
6,Elma 0302,STATE REPRESENTATIVE 35 POS 1,35,D,Kathy Haigh,126
6,Elma 0303,STATE REPRESENTATIVE 35 POS 1,35,D,Kathy Haigh,226
6,McCleary 0501,STATE REPRESENTATIVE 35 POS 1,35,D,Kathy Haigh,267
6,Oakville 0701,STATE REPRESENTATIVE 35 POS 1,35,D,Kathy Haigh,109
6,Blockhouse 0004,STATE REPRESENTATIVE 35 POS 1,35,R,Daniel Griffey,302
6,Bush 0006,STATE REPRESENTATIVE 35 POS 1,35,R,Daniel Griffey,263
6,Calder 007,STATE REPRESENTATIVE 35 POS 1,35,R,Daniel Griffey,321
6,Selma 0008,STATE REPRESENTATIVE 35 POS 1,35,R,Daniel Griffey,110
6,McCleary Rural 0030,STATE REPRESENTATIVE 35 POS 1,35,R,Daniel Griffey,279
6,Porter 0041,STATE REPRESENTATIVE 35 POS 1,35,R,Daniel Griffey,311
6,Elma 0301,STATE REPRESENTATIVE 35 POS 1,35,R,Daniel Griffey,107
6,Elma 0302,STATE REPRESENTATIVE 35 POS 1,35,R,Daniel Griffey,131
6,Elma 0303,STATE REPRESENTATIVE 35 POS 1,35,R,Daniel Griffey,190
6,McCleary 0501,STATE REPRESENTATIVE 35 POS 1,35,R,Daniel Griffey,253
6,Oakville 0701,STATE REPRESENTATIVE 35 POS 1,35,R,Daniel Griffey,105
6,Blockhouse 0004,STATE REPRESENTATIVE 35 POS 2,35,D,Fred Finn,286
6,Bush 0006,STATE REPRESENTATIVE 35 POS 2,35,D,Fred Finn,267
6,Calder 007,STATE REPRESENTATIVE 35 POS 2,35,D,Fred Finn,292
6,Selma 0008,STATE REPRESENTATIVE 35 POS 2,35,D,Fred Finn,120
6,McCleary Rural 0030,STATE REPRESENTATIVE 35 POS 2,35,D,Fred Finn,274
6,Porter 0041,STATE REPRESENTATIVE 35 POS 2,35,D,Fred Finn,275
6,Elma 0301,STATE REPRESENTATIVE 35 POS 2,35,D,Fred Finn,146
6,Elma 0302,STATE REPRESENTATIVE 35 POS 2,35,D,Fred Finn,124
6,Elma 0303,STATE REPRESENTATIVE 35 POS 2,35,D,Fred Finn,231
6,McCleary 0501,STATE REPRESENTATIVE 35 POS 2,35,D,Fred Finn,276
6,Oakville 0701,STATE REPRESENTATIVE 35 POS 2,35,D,Fred Finn,102
6,Blockhouse 0004,STATE REPRESENTATIVE 35 POS 2,35,R,Linda Simpson,288
6,Bush 0006,STATE REPRESENTATIVE 35 POS 2,35,R,Linda Simpson,255
6,Calder 007,STATE REPRESENTATIVE 35 POS 2,35,R,Linda Simpson,296
6,Selma 0008,STATE REPRESENTATIVE 35 POS 2,35,R,Linda Simpson,123
6,McCleary Rural 0030,STATE REPRESENTATIVE 35 POS 2,35,R,Linda Simpson,264
6,Porter 0041,STATE REPRESENTATIVE 35 POS 2,35,R,Linda Simpson,286
6,Elma 0301,STATE REPRESENTATIVE 35 POS 2,35,R,Linda Simpson,118
6,Elma 0302,STATE REPRESENTATIVE 35 POS 2,35,R,Linda Simpson,132
6,Elma 0303,STATE REPRESENTATIVE 35 POS 2,35,R,Linda Simpson,174
6,McCleary 0501,STATE REPRESENTATIVE 35 POS 2,35,R,Linda Simpson,236
6,Oakville 0701,STATE REPRESENTATIVE 35 POS 2,35,R,Linda Simpson,106
