,,,,,,,,,
Mason,101 Airport,,,,Registration,827,,,
Mason,102 Allyn,,,,Registration,703,,,
Mason,103 Arcadia,,,,Registration,401,,,
Mason,307 Bayshore,,,,Registration,676,,,
Mason,104 Belfair 1,,,,Registration,1024,,,
Mason,105 Belfair 2,,,,Registration,599,,,
Mason,106 Belfair 3,,,,Registration,627,,,
Mason,107 Belfair 4,,,,Registration,997,,,
Mason,301 Belfair 5,,,,Registration,423,,,
Mason,308 Belfair 6,,,,Registration,526,,,
Mason,108 Capitol Hill,,,,Registration,533,,,
Mason,109 Cloquallum,,,,Registration,470,,,
Mason,305 Cushman,,,,Registration,794,,,
Mason,110 Dayton,,,,Registration,472,,,
Mason,302 Dewatto,,,,Registration,635,,,
Mason,111 Eells,,,,Registration,312,,,
Mason,112 Grapeview,,,,Registration,962,,,
Mason,113 Harstene,,,,Registration,849,,,
Mason,114 Hoodsport,,,,Registration,374,,,
Mason,115 Isabella,,,,Registration,548,,,
Mason,116 Kamilche,,,,Registration,884,,,
Mason,117 Kamilche 2,,,,Registration,943,,,
Mason,118 Lake,,,,Registration,697,,,
Mason,309 Lakeland,,,,Registration,563,,,
Mason,119 Lilliwaup,,,,Registration,460,,,
Mason,120 Matlock,,,,Registration,313,,,
Mason,121 Mill Creek,,,,Registration,510,,,
Mason,122 Miller,,,,Registration,753,,,
Mason,123 Mt View,,,,Registration,406,,,
Mason,124 Northside,,,,Registration,867,,,
Mason,303 Oakland,,,,Registration,248,,,
Mason,125 Pickering,,,,Registration,1012,,,
Mason,126 Potlatch,,,,Registration,51,,,
Mason,127 Satsop,,,,Registration,240,,,
Mason,128 Skokomish,,,,Registration,291,,,
Mason,304 Southside,,,,Registration,856,,,
Mason,129 Tahuya,,,,Registration,561,,,
Mason,306 Timberlake,,,,Registration,756,,,
Mason,130 Union,,,,Registration,1047,,,
Mason,131 Victor,,,,Registration,370,,,
Mason,132 Westside,,,,Registration,258,,,
Mason,201 Shelton 1,,,,Registration,94,,,
Mason,202 Shelton 2,,,,Registration,128,,,
Mason,203 Shelton 3,,,,Registration,257,,,
Mason,204 Shelton 4,,,,Registration,195,,,
Mason,205 Shelton 5,,,,Registration,326,,,
Mason,206 Shelton 6,,,,Registration,129,,,
Mason,207 Shelton 7,,,,Registration,313,,,
Mason,208 Shelton 8,,,,Registration,204,,,
Mason,209 Shelton 9,,,,Registration,135,,,
Mason,210 Shelton 10,,,,Registration,184,,,
Mason,211 Shelton 11,,,,Registration,256,,,
Mason,212 Shelton 12,,,,Registration,133,,,
Mason,213 Shelton 13,,,,Registration,408,,,
Mason,214 Shelton 14,,,,Registration,244,,,
Mason,215 Shelton 15,,,,Registration,141,,,
Mason,216 Shelton 16,,,,Registration,789,,,
MASON WA,MASON WA,,,,Registration,28774,,,
,,,,,,Total,Absentee,Poll,
Mason,101 Airport,,,,Ballots,688,329,359,
Mason,102 Allyn,,,,Ballots,584,409,175,
Mason,103 Arcadia,,,,Ballots,340,201,139,
Mason,307 Bayshore,,,,Ballots,472,253,219,
Mason,104 Belfair 1,,,,Ballots,847,508,339,
Mason,105 Belfair 2,,,,Ballots,471,255,216,
Mason,106 Belfair 3,,,,Ballots,482,269,213,
Mason,107 Belfair 4,,,,Ballots,796,421,375,
Mason,301 Belfair 5,,,,Ballots,330,140,190,
Mason,308 Belfair 6,,,,Ballots,356,193,163,
Mason,108 Capitol Hill,,,,Ballots,412,226,186,
Mason,109 Cloquallum,,,,Ballots,364,184,180,
Mason,305 Cushman,,,,Ballots,673,437,236,
Mason,110 Dayton,,,,Ballots,371,139,232,
Mason,302 Dewatto,,,,Ballots,509,371,138,
Mason,111 Eells,,,,Ballots,242,111,131,
Mason,112 Grapeview,,,,Ballots,809,427,382,
Mason,113 Harstene,,,,Ballots,716,375,341,
Mason,114 Hoodsport,,,,Ballots,323,189,134,
Mason,115 Isabella,,,,Ballots,427,250,177,
Mason,116 Kamilche,,,,Ballots,685,364,321,
Mason,117 Kamilche 2,,,,Ballots,813,467,346,
Mason,118 Lake,,,,Ballots,583,395,188,
Mason,309 Lakeland,,,,Ballots,456,247,209,
Mason,119 Lilliwaup,,,,Ballots,404,267,137,
Mason,120 Matlock,,,,Ballots,243,95,148,
Mason,121 Mill Creek,,,,Ballots,397,199,198,
Mason,122 Miller,,,,Ballots,585,319,266,
Mason,123 Mt View,,,,Ballots,318,129,189,
Mason,124 Northside,,,,Ballots,697,411,286,
Mason,303 Oakland,,,,Ballots,198,102,96,
Mason,125 Pickering,,,,Ballots,796,479,317,
Mason,126 Potlatch,,,,Ballots,45,25,20,
Mason,127 Satsop,,,,Ballots,161,80,81,
Mason,128 Skokomish,,,,Ballots,213,81,132,
Mason,304 Southside,,,,Ballots,712,281,431,
Mason,129 Tahuya,,,,Ballots,461,312,149,
Mason,306 Timberlake,,,,Ballots,568,321,247,
Mason,130 Union,,,,Ballots,892,579,313,
Mason,131 Victor,,,,Ballots,302,197,105,
Mason,132 Westside,,,,Ballots,204,108,96,
Mason,201 Shelton 1,,,,Ballots,74,37,37,
Mason,202 Shelton 2,,,,Ballots,97,47,50,
Mason,203 Shelton 3,,,,Ballots,186,80,106,
Mason,204 Shelton 4,,,,Ballots,137,75,62,
Mason,205 Shelton 5,,,,Ballots,262,113,149,
Mason,206 Shelton 6,,,,Ballots,94,39,55,
Mason,207 Shelton 7,,,,Ballots,258,93,165,
Mason,208 Shelton 8,,,,Ballots,150,54,96,
Mason,209 Shelton 9,,,,Ballots,96,32,64,
Mason,210 Shelton 10,,,,Ballots,137,64,73,
Mason,211 Shelton 11,,,,Ballots,195,82,113,
Mason,212 Shelton 12,,,,Ballots,90,40,50,
Mason,213 Shelton 13,,,,Ballots,286,127,159,
Mason,214 Shelton 14,,,,Ballots,186,88,98,
Mason,215 Shelton 15,,,,Ballots,111,54,57,
Mason,216 Shelton 16,,,,Ballots,619,381,238,
MASON WA,MASON WA,,,,Ballots,22923,12551,10372,
Mason,101 Airport,President,,D,Al Gore,295,163,132,
Mason,102 Allyn,President,,D,Al Gore,239,155,84,
Mason,103 Arcadia,President,,D,Al Gore,158,92,66,
Mason,307 Bayshore,President,,D,Al Gore,246,133,113,
Mason,104 Belfair 1,President,,D,Al Gore,381,220,161,
Mason,105 Belfair 2,President,,D,Al Gore,196,102,94,
Mason,106 Belfair 3,President,,D,Al Gore,209,108,101,
Mason,107 Belfair 4,President,,D,Al Gore,356,194,162,
Mason,301 Belfair 5,President,,D,Al Gore,140,61,79,
Mason,308 Belfair 6,President,,D,Al Gore,149,83,66,
Mason,108 Capitol Hill,President,,D,Al Gore,190,109,81,
Mason,109 Cloquallum,President,,D,Al Gore,173,97,76,
Mason,305 Cushman,President,,D,Al Gore,360,237,123,
Mason,110 Dayton,President,,D,Al Gore,155,55,100,
Mason,302 Dewatto,President,,D,Al Gore,256,180,76,
Mason,111 Eells,President,,D,Al Gore,97,41,56,
Mason,112 Grapeview,President,,D,Al Gore,384,200,184,
Mason,113 Harstene,President,,D,Al Gore,328,155,173,
Mason,114 Hoodsport,President,,D,Al Gore,124,86,38,
Mason,115 Isabella,President,,D,Al Gore,188,104,84,
Mason,116 Kamilche,President,,D,Al Gore,355,188,167,
Mason,117 Kamilche 2,President,,D,Al Gore,385,218,167,
Mason,118 Lake,President,,D,Al Gore,278,188,90,
Mason,309 Lakeland,President,,D,Al Gore,208,115,93,
Mason,119 Lilliwaup,President,,D,Al Gore,211,142,69,
Mason,120 Matlock,President,,D,Al Gore,95,34,61,
Mason,121 Mill Creek,President,,D,Al Gore,208,104,104,
Mason,122 Miller,President,,D,Al Gore,286,159,127,
Mason,123 Mt View,President,,D,Al Gore,162,71,91,
Mason,124 Northside,President,,D,Al Gore,363,214,149,
Mason,303 Oakland,President,,D,Al Gore,81,43,38,
Mason,125 Pickering,President,,D,Al Gore,377,232,145,
Mason,126 Potlatch,President,,D,Al Gore,17,5,12,
Mason,127 Satsop,President,,D,Al Gore,72,37,35,
Mason,128 Skokomish,President,,D,Al Gore,159,48,111,
Mason,304 Southside,President,,D,Al Gore,320,138,182,
Mason,129 Tahuya,President,,D,Al Gore,230,158,72,
Mason,306 Timberlake,President,,D,Al Gore,300,189,111,
Mason,130 Union,President,,D,Al Gore,428,279,149,
Mason,131 Victor,President,,D,Al Gore,148,94,54,
Mason,132 Westside,President,,D,Al Gore,86,49,37,
Mason,201 Shelton 1,President,,D,Al Gore,37,17,20,
Mason,202 Shelton 2,President,,D,Al Gore,55,30,25,
Mason,203 Shelton 3,President,,D,Al Gore,85,32,53,
Mason,204 Shelton 4,President,,D,Al Gore,83,49,34,
Mason,205 Shelton 5,President,,D,Al Gore,128,50,78,
Mason,206 Shelton 6,President,,D,Al Gore,47,19,28,
Mason,207 Shelton 7,President,,D,Al Gore,110,40,70,
Mason,208 Shelton 8,President,,D,Al Gore,73,30,43,
Mason,209 Shelton 9,President,,D,Al Gore,55,18,37,
Mason,210 Shelton 10,President,,D,Al Gore,75,35,40,
Mason,211 Shelton 11,President,,D,Al Gore,104,49,55,
Mason,212 Shelton 12,President,,D,Al Gore,43,17,26,
Mason,213 Shelton 13,President,,D,Al Gore,149,65,84,
Mason,214 Shelton 14,President,,D,Al Gore,92,47,45,
Mason,215 Shelton 15,President,,D,Al Gore,61,35,26,
Mason,216 Shelton 16,President,,D,Al Gore,286,193,93,
MASON WA,MASON WA,President,,D,Al Gore,10876,6006,4870,
Mason,101 Airport,President,,R,George Bush,346,144,202,
Mason,102 Allyn,President,,R,George Bush,308,225,83,
Mason,103 Arcadia,President,,R,George Bush,158,96,62,
Mason,307 Bayshore,President,,R,George Bush,187,100,87,
Mason,104 Belfair 1,President,,R,George Bush,404,253,151,
Mason,105 Belfair 2,President,,R,George Bush,241,141,100,
Mason,106 Belfair 3,President,,R,George Bush,232,135,97,
Mason,107 Belfair 4,President,,R,George Bush,377,197,180,
Mason,301 Belfair 5,President,,R,George Bush,172,76,96,
Mason,308 Belfair 6,President,,R,George Bush,183,90,93,
Mason,108 Capitol Hill,President,,R,George Bush,183,97,86,
Mason,109 Cloquallum,President,,R,George Bush,154,73,81,
Mason,305 Cushman,President,,R,George Bush,280,180,100,
Mason,110 Dayton,President,,R,George Bush,181,71,110,
Mason,302 Dewatto,President,,R,George Bush,212,158,54,
Mason,111 Eells,President,,R,George Bush,122,62,60,
Mason,112 Grapeview,President,,R,George Bush,367,200,167,
Mason,113 Harstene,President,,R,George Bush,337,190,147,
Mason,114 Hoodsport,President,,R,George Bush,174,88,86,
Mason,115 Isabella,President,,R,George Bush,197,123,74,
Mason,116 Kamilche,President,,R,George Bush,276,144,132,
Mason,117 Kamilche 2,President,,R,George Bush,358,206,152,
Mason,118 Lake,President,,R,George Bush,258,178,80,
Mason,309 Lakeland,President,,R,George Bush,215,114,101,
Mason,119 Lilliwaup,President,,R,George Bush,168,108,60,
Mason,120 Matlock,President,,R,George Bush,128,51,77,
Mason,121 Mill Creek,President,,R,George Bush,166,83,83,
Mason,122 Miller,President,,R,George Bush,238,129,109,
Mason,123 Mt View,President,,R,George Bush,127,44,83,
Mason,124 Northside,President,,R,George Bush,296,175,121,
Mason,303 Oakland,President,,R,George Bush,103,52,51,
Mason,125 Pickering,President,,R,George Bush,352,205,147,
Mason,126 Potlatch,President,,R,George Bush,26,18,8,
Mason,127 Satsop,President,,R,George Bush,72,31,41,
Mason,128 Skokomish,President,,R,George Bush,37,23,14,
Mason,304 Southside,President,,R,George Bush,346,130,216,
Mason,129 Tahuya,President,,R,George Bush,191,130,61,
Mason,306 Timberlake,President,,R,George Bush,218,107,111,
Mason,130 Union,President,,R,George Bush,387,253,134,
Mason,131 Victor,President,,R,George Bush,132,88,44,
Mason,132 Westside,President,,R,George Bush,98,49,49,
Mason,201 Shelton 1,President,,R,George Bush,29,16,13,
Mason,202 Shelton 2,President,,R,George Bush,32,11,21,
Mason,203 Shelton 3,President,,R,George Bush,85,42,43,
Mason,204 Shelton 4,President,,R,George Bush,44,21,23,
Mason,205 Shelton 5,President,,R,George Bush,124,57,67,
Mason,206 Shelton 6,President,,R,George Bush,40,16,24,
Mason,207 Shelton 7,President,,R,George Bush,133,47,86,
Mason,208 Shelton 8,President,,R,George Bush,66,21,45,
Mason,209 Shelton 9,President,,R,George Bush,30,11,19,
Mason,210 Shelton 10,President,,R,George Bush,42,24,18,
Mason,211 Shelton 11,President,,R,George Bush,77,27,50,
Mason,212 Shelton 12,President,,R,George Bush,34,16,18,
Mason,213 Shelton 13,President,,R,George Bush,114,50,64,
Mason,214 Shelton 14,President,,R,George Bush,83,38,45,
Mason,215 Shelton 15,President,,R,George Bush,37,15,22,
Mason,216 Shelton 16,President,,R,George Bush,280,151,129,
MASON WA,MASON WA,President,,R,George Bush,10257,5580,4677,
Mason,101 Airport,President,,L,Harry Browne,3,2,1,
Mason,102 Allyn,President,,L,Harry Browne,4,4,0,
Mason,103 Arcadia,President,,L,Harry Browne,0,0,0,
Mason,307 Bayshore,President,,L,Harry Browne,5,1,4,
Mason,104 Belfair 1,President,,L,Harry Browne,6,4,2,
Mason,105 Belfair 2,President,,L,Harry Browne,5,3,2,
Mason,106 Belfair 3,President,,L,Harry Browne,7,6,1,
Mason,107 Belfair 4,President,,L,Harry Browne,7,2,5,
Mason,301 Belfair 5,President,,L,Harry Browne,0,0,0,
Mason,308 Belfair 6,President,,L,Harry Browne,1,0,1,
Mason,108 Capitol Hill,President,,L,Harry Browne,5,2,3,
Mason,109 Cloquallum,President,,L,Harry Browne,7,3,4,
Mason,305 Cushman,President,,L,Harry Browne,1,0,1,
Mason,110 Dayton,President,,L,Harry Browne,2,1,1,
Mason,302 Dewatto,President,,L,Harry Browne,3,3,0,
Mason,111 Eells,President,,L,Harry Browne,2,1,1,
Mason,112 Grapeview,President,,L,Harry Browne,5,1,4,
Mason,113 Harstene,President,,L,Harry Browne,6,5,1,
Mason,114 Hoodsport,President,,L,Harry Browne,4,1,3,
Mason,115 Isabella,President,,L,Harry Browne,4,3,1,
Mason,116 Kamilche,President,,L,Harry Browne,6,5,1,
Mason,117 Kamilche 2,President,,L,Harry Browne,3,2,1,
Mason,118 Lake,President,,L,Harry Browne,3,1,2,
Mason,309 Lakeland,President,,L,Harry Browne,2,0,2,
Mason,119 Lilliwaup,President,,L,Harry Browne,2,2,0,
Mason,120 Matlock,President,,L,Harry Browne,3,0,3,
Mason,121 Mill Creek,President,,L,Harry Browne,0,0,0,
Mason,122 Miller,President,,L,Harry Browne,4,2,2,
Mason,123 Mt View,President,,L,Harry Browne,5,2,3,
Mason,124 Northside,President,,L,Harry Browne,7,5,2,
Mason,303 Oakland,President,,L,Harry Browne,1,0,1,
Mason,125 Pickering,President,,L,Harry Browne,4,2,2,
Mason,126 Potlatch,President,,L,Harry Browne,1,1,0,
Mason,127 Satsop,President,,L,Harry Browne,0,0,0,
Mason,128 Skokomish,President,,L,Harry Browne,1,0,1,
Mason,304 Southside,President,,L,Harry Browne,3,1,2,
Mason,129 Tahuya,President,,L,Harry Browne,2,1,1,
Mason,306 Timberlake,President,,L,Harry Browne,7,6,1,
Mason,130 Union,President,,L,Harry Browne,10,5,5,
Mason,131 Victor,President,,L,Harry Browne,3,3,0,
Mason,132 Westside,President,,L,Harry Browne,4,2,2,
Mason,201 Shelton 1,President,,L,Harry Browne,1,0,1,
Mason,202 Shelton 2,President,,L,Harry Browne,1,0,1,
Mason,203 Shelton 3,President,,L,Harry Browne,1,0,1,
Mason,204 Shelton 4,President,,L,Harry Browne,0,0,0,
Mason,205 Shelton 5,President,,L,Harry Browne,2,0,2,
Mason,206 Shelton 6,President,,L,Harry Browne,1,0,1,
Mason,207 Shelton 7,President,,L,Harry Browne,3,2,1,
Mason,208 Shelton 8,President,,L,Harry Browne,2,0,2,
Mason,209 Shelton 9,President,,L,Harry Browne,0,0,0,
Mason,210 Shelton 10,President,,L,Harry Browne,4,0,4,
Mason,211 Shelton 11,President,,L,Harry Browne,1,1,0,
Mason,212 Shelton 12,President,,L,Harry Browne,1,1,0,
Mason,213 Shelton 13,President,,L,Harry Browne,1,0,1,
Mason,214 Shelton 14,President,,L,Harry Browne,0,0,0,
Mason,215 Shelton 15,President,,L,Harry Browne,0,0,0,
Mason,216 Shelton 16,President,,L,Harry Browne,2,1,1,
MASON WA,MASON WA,President,,L,Harry Browne,255,87,168,
Mason,101 Airport,President,,S,David McReynolds,1,1,0,
Mason,102 Allyn,President,,S,David McReynolds,0,0,0,
Mason,103 Arcadia,President,,S,David McReynolds,0,0,0,
Mason,307 Bayshore,President,,S,David McReynolds,0,0,0,
Mason,104 Belfair 1,President,,S,David McReynolds,0,0,0,
Mason,105 Belfair 2,President,,S,David McReynolds,1,0,1,
Mason,106 Belfair 3,President,,S,David McReynolds,0,0,0,
Mason,107 Belfair 4,President,,S,David McReynolds,2,2,0,
Mason,301 Belfair 5,President,,S,David McReynolds,1,0,1,
Mason,308 Belfair 6,President,,S,David McReynolds,0,0,0,
Mason,108 Capitol Hill,President,,S,David McReynolds,0,0,0,
Mason,109 Cloquallum,President,,S,David McReynolds,1,1,0,
Mason,305 Cushman,President,,S,David McReynolds,0,0,0,
Mason,110 Dayton,President,,S,David McReynolds,0,0,0,
Mason,302 Dewatto,President,,S,David McReynolds,0,0,0,
Mason,111 Eells,President,,S,David McReynolds,0,0,0,
Mason,112 Grapeview,President,,S,David McReynolds,0,0,0,
Mason,113 Harstene,President,,S,David McReynolds,0,0,0,
Mason,114 Hoodsport,President,,S,David McReynolds,2,1,1,
Mason,115 Isabella,President,,S,David McReynolds,0,0,0,
Mason,116 Kamilche,President,,S,David McReynolds,0,0,0,
Mason,117 Kamilche 2,President,,S,David McReynolds,0,0,0,
Mason,118 Lake,President,,S,David McReynolds,0,0,0,
Mason,309 Lakeland,President,,S,David McReynolds,0,0,0,
Mason,119 Lilliwaup,President,,S,David McReynolds,0,0,0,
Mason,120 Matlock,President,,S,David McReynolds,0,0,0,
Mason,121 Mill Creek,President,,S,David McReynolds,1,1,0,
Mason,122 Miller,President,,S,David McReynolds,1,1,0,
Mason,123 Mt View,President,,S,David McReynolds,1,1,0,
Mason,124 Northside,President,,S,David McReynolds,0,0,0,
Mason,303 Oakland,President,,S,David McReynolds,0,0,0,
Mason,125 Pickering,President,,S,David McReynolds,0,0,0,
Mason,126 Potlatch,President,,S,David McReynolds,0,0,0,
Mason,127 Satsop,President,,S,David McReynolds,0,0,0,
Mason,128 Skokomish,President,,S,David McReynolds,0,0,0,
Mason,304 Southside,President,,S,David McReynolds,0,0,0,
Mason,129 Tahuya,President,,S,David McReynolds,0,0,0,
Mason,306 Timberlake,President,,S,David McReynolds,0,0,0,
Mason,130 Union,President,,S,David McReynolds,1,0,1,
Mason,131 Victor,President,,S,David McReynolds,0,0,0,
Mason,132 Westside,President,,S,David McReynolds,0,0,0,
Mason,201 Shelton 1,President,,S,David McReynolds,1,1,0,
Mason,202 Shelton 2,President,,S,David McReynolds,1,1,0,
Mason,203 Shelton 3,President,,S,David McReynolds,1,1,0,
Mason,204 Shelton 4,President,,S,David McReynolds,0,0,0,
Mason,205 Shelton 5,President,,S,David McReynolds,0,0,0,
Mason,206 Shelton 6,President,,S,David McReynolds,0,0,0,
Mason,207 Shelton 7,President,,S,David McReynolds,1,0,1,
Mason,208 Shelton 8,President,,S,David McReynolds,0,0,0,
Mason,209 Shelton 9,President,,S,David McReynolds,0,0,0,
Mason,210 Shelton 10,President,,S,David McReynolds,0,0,0,
Mason,211 Shelton 11,President,,S,David McReynolds,0,0,0,
Mason,212 Shelton 12,President,,S,David McReynolds,0,0,0,
Mason,213 Shelton 13,President,,S,David McReynolds,0,0,0,
Mason,214 Shelton 14,President,,S,David McReynolds,0,0,0,
Mason,215 Shelton 15,President,,S,David McReynolds,0,0,0,
Mason,216 Shelton 16,President,,S,David McReynolds,1,1,0,
MASON WA,MASON WA,President,,S,David McReynolds,29,12,17,
Mason,101 Airport,President,,G,Ralph Nader,25,7,18,
Mason,102 Allyn,President,,G,Ralph Nader,15,10,5,
Mason,103 Arcadia,President,,G,Ralph Nader,16,8,8,
Mason,307 Bayshore,President,,G,Ralph Nader,22,7,15,
Mason,104 Belfair 1,President,,G,Ralph Nader,34,14,20,
Mason,105 Belfair 2,President,,G,Ralph Nader,16,2,14,
Mason,106 Belfair 3,President,,G,Ralph Nader,23,12,11,
Mason,107 Belfair 4,President,,G,Ralph Nader,32,13,19,
Mason,301 Belfair 5,President,,G,Ralph Nader,10,2,8,
Mason,308 Belfair 6,President,,G,Ralph Nader,13,12,1,
Mason,108 Capitol Hill,President,,G,Ralph Nader,23,11,12,
Mason,109 Cloquallum,President,,G,Ralph Nader,18,7,11,
Mason,305 Cushman,President,,G,Ralph Nader,19,9,10,
Mason,110 Dayton,President,,G,Ralph Nader,24,8,16,
Mason,302 Dewatto,President,,G,Ralph Nader,28,21,7,
Mason,111 Eells,President,,G,Ralph Nader,15,3,12,
Mason,112 Grapeview,President,,G,Ralph Nader,32,12,20,
Mason,113 Harstene,President,,G,Ralph Nader,31,12,19,
Mason,114 Hoodsport,President,,G,Ralph Nader,14,10,4,
Mason,115 Isabella,President,,G,Ralph Nader,21,8,13,
Mason,116 Kamilche,President,,G,Ralph Nader,37,17,20,
Mason,117 Kamilche 2,President,,G,Ralph Nader,45,23,22,
Mason,118 Lake,President,,G,Ralph Nader,28,15,13,
Mason,309 Lakeland,President,,G,Ralph Nader,18,7,11,
Mason,119 Lilliwaup,President,,G,Ralph Nader,13,6,7,
Mason,120 Matlock,President,,G,Ralph Nader,12,7,5,
Mason,121 Mill Creek,President,,G,Ralph Nader,11,4,7,
Mason,122 Miller,President,,G,Ralph Nader,38,17,21,
Mason,123 Mt View,President,,G,Ralph Nader,13,7,6,
Mason,124 Northside,President,,G,Ralph Nader,19,10,9,
Mason,303 Oakland,President,,G,Ralph Nader,9,5,4,
Mason,125 Pickering,President,,G,Ralph Nader,44,24,20,
Mason,126 Potlatch,President,,G,Ralph Nader,0,0,0,
Mason,127 Satsop,President,,G,Ralph Nader,14,9,5,
Mason,128 Skokomish,President,,G,Ralph Nader,5,3,2,
Mason,304 Southside,President,,G,Ralph Nader,34,9,25,
Mason,129 Tahuya,President,,G,Ralph Nader,29,15,14,
Mason,306 Timberlake,President,,G,Ralph Nader,29,9,20,
Mason,130 Union,President,,G,Ralph Nader,39,23,16,
Mason,131 Victor,President,,G,Ralph Nader,11,4,7,
Mason,132 Westside,President,,G,Ralph Nader,10,5,5,
Mason,201 Shelton 1,President,,G,Ralph Nader,5,3,2,
Mason,202 Shelton 2,President,,G,Ralph Nader,6,4,2,
Mason,203 Shelton 3,President,,G,Ralph Nader,12,4,8,
Mason,204 Shelton 4,President,,G,Ralph Nader,7,3,4,
Mason,205 Shelton 5,President,,G,Ralph Nader,3,2,1,
Mason,206 Shelton 6,President,,G,Ralph Nader,4,3,1,
Mason,207 Shelton 7,President,,G,Ralph Nader,5,1,4,
Mason,208 Shelton 8,President,,G,Ralph Nader,6,2,4,
Mason,209 Shelton 9,President,,G,Ralph Nader,8,2,6,
Mason,210 Shelton 10,President,,G,Ralph Nader,10,3,7,
Mason,211 Shelton 11,President,,G,Ralph Nader,9,4,5,
Mason,212 Shelton 12,President,,G,Ralph Nader,8,5,3,
Mason,213 Shelton 13,President,,G,Ralph Nader,15,7,8,
Mason,214 Shelton 14,President,,G,Ralph Nader,6,2,4,
Mason,215 Shelton 15,President,,G,Ralph Nader,9,3,6,
Mason,216 Shelton 16,President,,G,Ralph Nader,27,16,11,
MASON WA,MASON WA,President,,G,Ralph Nader,1029,471,558,
Mason,101 Airport,President,,WW,Monica Moorehead,0,0,0,
Mason,102 Allyn,President,,WW,Monica Moorehead,0,0,0,
Mason,103 Arcadia,President,,WW,Monica Moorehead,0,0,0,
Mason,307 Bayshore,President,,WW,Monica Moorehead,1,1,0,
Mason,104 Belfair 1,President,,WW,Monica Moorehead,1,1,0,
Mason,105 Belfair 2,President,,WW,Monica Moorehead,0,0,0,
Mason,106 Belfair 3,President,,WW,Monica Moorehead,2,1,1,
Mason,107 Belfair 4,President,,WW,Monica Moorehead,0,0,0,
Mason,301 Belfair 5,President,,WW,Monica Moorehead,0,0,0,
Mason,308 Belfair 6,President,,WW,Monica Moorehead,1,1,0,
Mason,108 Capitol Hill,President,,WW,Monica Moorehead,0,0,0,
Mason,109 Cloquallum,President,,WW,Monica Moorehead,1,1,0,
Mason,305 Cushman,President,,WW,Monica Moorehead,0,0,0,
Mason,110 Dayton,President,,WW,Monica Moorehead,0,0,0,
Mason,302 Dewatto,President,,WW,Monica Moorehead,0,0,0,
Mason,111 Eells,President,,WW,Monica Moorehead,0,0,0,
Mason,112 Grapeview,President,,WW,Monica Moorehead,1,0,1,
Mason,113 Harstene,President,,WW,Monica Moorehead,0,0,0,
Mason,114 Hoodsport,President,,WW,Monica Moorehead,0,0,0,
Mason,115 Isabella,President,,WW,Monica Moorehead,0,0,0,
Mason,116 Kamilche,President,,WW,Monica Moorehead,1,1,0,
Mason,117 Kamilche 2,President,,WW,Monica Moorehead,0,0,0,
Mason,118 Lake,President,,WW,Monica Moorehead,3,3,0,
Mason,309 Lakeland,President,,WW,Monica Moorehead,0,0,0,
Mason,119 Lilliwaup,President,,WW,Monica Moorehead,0,0,0,
Mason,120 Matlock,President,,WW,Monica Moorehead,0,0,0,
Mason,121 Mill Creek,President,,WW,Monica Moorehead,1,0,1,
Mason,122 Miller,President,,WW,Monica Moorehead,1,1,0,
Mason,123 Mt View,President,,WW,Monica Moorehead,0,0,0,
Mason,124 Northside,President,,WW,Monica Moorehead,0,0,0,
Mason,303 Oakland,President,,WW,Monica Moorehead,0,0,0,
Mason,125 Pickering,President,,WW,Monica Moorehead,2,1,1,
Mason,126 Potlatch,President,,WW,Monica Moorehead,0,0,0,
Mason,127 Satsop,President,,WW,Monica Moorehead,0,0,0,
Mason,128 Skokomish,President,,WW,Monica Moorehead,1,0,1,
Mason,304 Southside,President,,WW,Monica Moorehead,0,0,0,
Mason,129 Tahuya,President,,WW,Monica Moorehead,0,0,0,
Mason,306 Timberlake,President,,WW,Monica Moorehead,0,0,0,
Mason,130 Union,President,,WW,Monica Moorehead,2,0,2,
Mason,131 Victor,President,,WW,Monica Moorehead,0,0,0,
Mason,132 Westside,President,,WW,Monica Moorehead,1,0,1,
Mason,201 Shelton 1,President,,WW,Monica Moorehead,0,0,0,
Mason,202 Shelton 2,President,,WW,Monica Moorehead,0,0,0,
Mason,203 Shelton 3,President,,WW,Monica Moorehead,0,0,0,
Mason,204 Shelton 4,President,,WW,Monica Moorehead,0,0,0,
Mason,205 Shelton 5,President,,WW,Monica Moorehead,0,0,0,
Mason,206 Shelton 6,President,,WW,Monica Moorehead,0,0,0,
Mason,207 Shelton 7,President,,WW,Monica Moorehead,0,0,0,
Mason,208 Shelton 8,President,,WW,Monica Moorehead,0,0,0,
Mason,209 Shelton 9,President,,WW,Monica Moorehead,1,0,1,
Mason,210 Shelton 10,President,,WW,Monica Moorehead,2,0,2,
Mason,211 Shelton 11,President,,WW,Monica Moorehead,0,0,0,
Mason,212 Shelton 12,President,,WW,Monica Moorehead,0,0,0,
Mason,213 Shelton 13,President,,WW,Monica Moorehead,0,0,0,
Mason,214 Shelton 14,President,,WW,Monica Moorehead,1,0,1,
Mason,215 Shelton 15,President,,WW,Monica Moorehead,1,0,1,
Mason,216 Shelton 16,President,,WW,Monica Moorehead,0,0,0,
MASON WA,MASON WA,President,,WW,Monica Moorehead,24,11,13,
Mason,101 Airport,President,,C,Howard Phillips,1,1,0,
Mason,102 Allyn,President,,C,Howard Phillips,1,0,1,
Mason,103 Arcadia,President,,C,Howard Phillips,0,0,0,
Mason,307 Bayshore,President,,C,Howard Phillips,0,0,0,
Mason,104 Belfair 1,President,,C,Howard Phillips,2,0,2,
Mason,105 Belfair 2,President,,C,Howard Phillips,0,0,0,
Mason,106 Belfair 3,President,,C,Howard Phillips,0,0,0,
Mason,107 Belfair 4,President,,C,Howard Phillips,0,0,0,
Mason,301 Belfair 5,President,,C,Howard Phillips,0,0,0,
Mason,308 Belfair 6,President,,C,Howard Phillips,2,1,1,
Mason,108 Capitol Hill,President,,C,Howard Phillips,1,1,0,
Mason,109 Cloquallum,President,,C,Howard Phillips,0,0,0,
Mason,305 Cushman,President,,C,Howard Phillips,0,0,0,
Mason,110 Dayton,President,,C,Howard Phillips,0,0,0,
Mason,302 Dewatto,President,,C,Howard Phillips,0,0,0,
Mason,111 Eells,President,,C,Howard Phillips,0,0,0,
Mason,112 Grapeview,President,,C,Howard Phillips,2,0,2,
Mason,113 Harstene,President,,C,Howard Phillips,0,0,0,
Mason,114 Hoodsport,President,,C,Howard Phillips,0,0,0,
Mason,115 Isabella,President,,C,Howard Phillips,1,1,0,
Mason,116 Kamilche,President,,C,Howard Phillips,0,0,0,
Mason,117 Kamilche 2,President,,C,Howard Phillips,0,0,0,
Mason,118 Lake,President,,C,Howard Phillips,0,0,0,
Mason,309 Lakeland,President,,C,Howard Phillips,0,0,0,
Mason,119 Lilliwaup,President,,C,Howard Phillips,0,0,0,
Mason,120 Matlock,President,,C,Howard Phillips,1,1,0,
Mason,121 Mill Creek,President,,C,Howard Phillips,1,0,1,
Mason,122 Miller,President,,C,Howard Phillips,0,0,0,
Mason,123 Mt View,President,,C,Howard Phillips,1,0,1,
Mason,124 Northside,President,,C,Howard Phillips,1,0,1,
Mason,303 Oakland,President,,C,Howard Phillips,0,0,0,
Mason,125 Pickering,President,,C,Howard Phillips,0,0,0,
Mason,126 Potlatch,President,,C,Howard Phillips,0,0,0,
Mason,127 Satsop,President,,C,Howard Phillips,0,0,0,
Mason,128 Skokomish,President,,C,Howard Phillips,0,0,0,
Mason,304 Southside,President,,C,Howard Phillips,0,0,0,
Mason,129 Tahuya,President,,C,Howard Phillips,0,0,0,
Mason,306 Timberlake,President,,C,Howard Phillips,0,0,0,
Mason,130 Union,President,,C,Howard Phillips,0,0,0,
Mason,131 Victor,President,,C,Howard Phillips,0,0,0,
Mason,132 Westside,President,,C,Howard Phillips,0,0,0,
Mason,201 Shelton 1,President,,C,Howard Phillips,0,0,0,
Mason,202 Shelton 2,President,,C,Howard Phillips,0,0,0,
Mason,203 Shelton 3,President,,C,Howard Phillips,0,0,0,
Mason,204 Shelton 4,President,,C,Howard Phillips,0,0,0,
Mason,205 Shelton 5,President,,C,Howard Phillips,1,0,1,
Mason,206 Shelton 6,President,,C,Howard Phillips,0,0,0,
Mason,207 Shelton 7,President,,C,Howard Phillips,0,0,0,
Mason,208 Shelton 8,President,,C,Howard Phillips,0,0,0,
Mason,209 Shelton 9,President,,C,Howard Phillips,1,0,1,
Mason,210 Shelton 10,President,,C,Howard Phillips,0,0,0,
Mason,211 Shelton 11,President,,C,Howard Phillips,1,1,0,
Mason,212 Shelton 12,President,,C,Howard Phillips,0,0,0,
Mason,213 Shelton 13,President,,C,Howard Phillips,0,0,0,
Mason,214 Shelton 14,President,,C,Howard Phillips,1,0,1,
Mason,215 Shelton 15,President,,C,Howard Phillips,0,0,0,
Mason,216 Shelton 16,President,,C,Howard Phillips,0,0,0,
MASON WA,MASON WA,President,,C,Howard Phillips,18,6,12,
Mason,101 Airport,President,,F,Pat Buchanan,0,0,0,
Mason,102 Allyn,President,,F,Pat Buchanan,3,3,0,
Mason,103 Arcadia,President,,F,Pat Buchanan,3,1,2,
Mason,307 Bayshore,President,,F,Pat Buchanan,3,3,0,
Mason,104 Belfair 1,President,,F,Pat Buchanan,2,1,1,
Mason,105 Belfair 2,President,,F,Pat Buchanan,2,1,1,
Mason,106 Belfair 3,President,,F,Pat Buchanan,2,2,0,
Mason,107 Belfair 4,President,,F,Pat Buchanan,2,1,1,
Mason,301 Belfair 5,President,,F,Pat Buchanan,0,0,0,
Mason,308 Belfair 6,President,,F,Pat Buchanan,0,0,0,
Mason,108 Capitol Hill,President,,F,Pat Buchanan,1,0,1,
Mason,109 Cloquallum,President,,F,Pat Buchanan,3,0,3,
Mason,305 Cushman,President,,F,Pat Buchanan,1,1,0,
Mason,110 Dayton,President,,F,Pat Buchanan,2,2,0,
Mason,302 Dewatto,President,,F,Pat Buchanan,1,0,1,
Mason,111 Eells,President,,F,Pat Buchanan,0,0,0,
Mason,112 Grapeview,President,,F,Pat Buchanan,2,2,0,
Mason,113 Harstene,President,,F,Pat Buchanan,3,2,1,
Mason,114 Hoodsport,President,,F,Pat Buchanan,1,0,1,
Mason,115 Isabella,President,,F,Pat Buchanan,3,2,1,
Mason,116 Kamilche,President,,F,Pat Buchanan,0,0,0,
Mason,117 Kamilche 2,President,,F,Pat Buchanan,2,1,1,
Mason,118 Lake,President,,F,Pat Buchanan,1,1,0,
Mason,309 Lakeland,President,,F,Pat Buchanan,1,1,0,
Mason,119 Lilliwaup,President,,F,Pat Buchanan,3,2,1,
Mason,120 Matlock,President,,F,Pat Buchanan,2,1,1,
Mason,121 Mill Creek,President,,F,Pat Buchanan,1,1,0,
Mason,122 Miller,President,,F,Pat Buchanan,2,1,1,
Mason,123 Mt View,President,,F,Pat Buchanan,2,1,1,
Mason,124 Northside,President,,F,Pat Buchanan,1,0,1,
Mason,303 Oakland,President,,F,Pat Buchanan,0,0,0,
Mason,125 Pickering,President,,F,Pat Buchanan,0,0,0,
Mason,126 Potlatch,President,,F,Pat Buchanan,0,0,0,
Mason,127 Satsop,President,,F,Pat Buchanan,0,0,0,
Mason,128 Skokomish,President,,F,Pat Buchanan,1,0,1,
Mason,304 Southside,President,,F,Pat Buchanan,2,1,1,
Mason,129 Tahuya,President,,F,Pat Buchanan,3,3,0,
Mason,306 Timberlake,President,,F,Pat Buchanan,1,0,1,
Mason,130 Union,President,,F,Pat Buchanan,3,2,1,
Mason,131 Victor,President,,F,Pat Buchanan,2,2,0,
Mason,132 Westside,President,,F,Pat Buchanan,0,0,0,
Mason,201 Shelton 1,President,,F,Pat Buchanan,0,0,0,
Mason,202 Shelton 2,President,,F,Pat Buchanan,0,0,0,
Mason,203 Shelton 3,President,,F,Pat Buchanan,0,0,0,
Mason,204 Shelton 4,President,,F,Pat Buchanan,0,0,0,
Mason,205 Shelton 5,President,,F,Pat Buchanan,0,0,0,
Mason,206 Shelton 6,President,,F,Pat Buchanan,0,0,0,
Mason,207 Shelton 7,President,,F,Pat Buchanan,0,0,0,
Mason,208 Shelton 8,President,,F,Pat Buchanan,0,0,0,
Mason,209 Shelton 9,President,,F,Pat Buchanan,1,1,0,
Mason,210 Shelton 10,President,,F,Pat Buchanan,1,0,1,
Mason,211 Shelton 11,President,,F,Pat Buchanan,1,0,1,
Mason,212 Shelton 12,President,,F,Pat Buchanan,1,1,0,
Mason,213 Shelton 13,President,,F,Pat Buchanan,1,0,1,
Mason,214 Shelton 14,President,,F,Pat Buchanan,0,0,0,
Mason,215 Shelton 15,President,,F,Pat Buchanan,0,0,0,
Mason,216 Shelton 16,President,,F,Pat Buchanan,1,1,0,
MASON WA,MASON WA,President,,F,Pat Buchanan,67,41,26,
Mason,101 Airport,President,,SW,James Harris,0,0,0,
Mason,102 Allyn,President,,SW,James Harris,0,0,0,
Mason,103 Arcadia,President,,SW,James Harris,0,0,0,
Mason,307 Bayshore,President,,SW,James Harris,0,0,0,
Mason,104 Belfair 1,President,,SW,James Harris,0,0,0,
Mason,105 Belfair 2,President,,SW,James Harris,0,0,0,
Mason,106 Belfair 3,President,,SW,James Harris,0,0,0,
Mason,107 Belfair 4,President,,SW,James Harris,0,0,0,
Mason,301 Belfair 5,President,,SW,James Harris,0,0,0,
Mason,308 Belfair 6,President,,SW,James Harris,0,0,0,
Mason,108 Capitol Hill,President,,SW,James Harris,0,0,0,
Mason,109 Cloquallum,President,,SW,James Harris,0,0,0,
Mason,305 Cushman,President,,SW,James Harris,0,0,0,
Mason,110 Dayton,President,,SW,James Harris,0,0,0,
Mason,302 Dewatto,President,,SW,James Harris,0,0,0,
Mason,111 Eells,President,,SW,James Harris,0,0,0,
Mason,112 Grapeview,President,,SW,James Harris,0,0,0,
Mason,113 Harstene,President,,SW,James Harris,0,0,0,
Mason,114 Hoodsport,President,,SW,James Harris,0,0,0,
Mason,115 Isabella,President,,SW,James Harris,0,0,0,
Mason,116 Kamilche,President,,SW,James Harris,0,0,0,
Mason,117 Kamilche 2,President,,SW,James Harris,0,0,0,
Mason,118 Lake,President,,SW,James Harris,0,0,0,
Mason,309 Lakeland,President,,SW,James Harris,0,0,0,
Mason,119 Lilliwaup,President,,SW,James Harris,0,0,0,
Mason,120 Matlock,President,,SW,James Harris,0,0,0,
Mason,121 Mill Creek,President,,SW,James Harris,0,0,0,
Mason,122 Miller,President,,SW,James Harris,0,0,0,
Mason,123 Mt View,President,,SW,James Harris,0,0,0,
Mason,124 Northside,President,,SW,James Harris,0,0,0,
Mason,303 Oakland,President,,SW,James Harris,0,0,0,
Mason,125 Pickering,President,,SW,James Harris,0,0,0,
Mason,126 Potlatch,President,,SW,James Harris,0,0,0,
Mason,127 Satsop,President,,SW,James Harris,0,0,0,
Mason,128 Skokomish,President,,SW,James Harris,0,0,0,
Mason,304 Southside,President,,SW,James Harris,0,0,0,
Mason,129 Tahuya,President,,SW,James Harris,0,0,0,
Mason,306 Timberlake,President,,SW,James Harris,0,0,0,
Mason,130 Union,President,,SW,James Harris,0,0,0,
Mason,131 Victor,President,,SW,James Harris,0,0,0,
Mason,132 Westside,President,,SW,James Harris,1,1,0,
Mason,201 Shelton 1,President,,SW,James Harris,0,0,0,
Mason,202 Shelton 2,President,,SW,James Harris,0,0,0,
Mason,203 Shelton 3,President,,SW,James Harris,0,0,0,
Mason,204 Shelton 4,President,,SW,James Harris,0,0,0,
Mason,205 Shelton 5,President,,SW,James Harris,0,0,0,
Mason,206 Shelton 6,President,,SW,James Harris,0,0,0,
Mason,207 Shelton 7,President,,SW,James Harris,0,0,0,
Mason,208 Shelton 8,President,,SW,James Harris,0,0,0,
Mason,209 Shelton 9,President,,SW,James Harris,0,0,0,
Mason,210 Shelton 10,President,,SW,James Harris,0,0,0,
Mason,211 Shelton 11,President,,SW,James Harris,0,0,0,
Mason,212 Shelton 12,President,,SW,James Harris,0,0,0,
Mason,213 Shelton 13,President,,SW,James Harris,0,0,0,
Mason,214 Shelton 14,President,,SW,James Harris,0,0,0,
Mason,215 Shelton 15,President,,SW,James Harris,0,0,0,
Mason,216 Shelton 16,President,,SW,James Harris,0,0,0,
MASON WA,MASON WA,President,,SW,James Harris,2,1,1,
Mason,101 Airport,President,,NL,John Hagelin,0,0,0,
Mason,102 Allyn,President,,NL,John Hagelin,1,0,1,
Mason,103 Arcadia,President,,NL,John Hagelin,0,0,0,
Mason,307 Bayshore,President,,NL,John Hagelin,0,0,0,
Mason,104 Belfair 1,President,,NL,John Hagelin,0,0,0,
Mason,105 Belfair 2,President,,NL,John Hagelin,1,1,0,
Mason,106 Belfair 3,President,,NL,John Hagelin,0,0,0,
Mason,107 Belfair 4,President,,NL,John Hagelin,5,1,4,
Mason,301 Belfair 5,President,,NL,John Hagelin,0,0,0,
Mason,308 Belfair 6,President,,NL,John Hagelin,0,0,0,
Mason,108 Capitol Hill,President,,NL,John Hagelin,0,0,0,
Mason,109 Cloquallum,President,,NL,John Hagelin,1,0,1,
Mason,305 Cushman,President,,NL,John Hagelin,0,0,0,
Mason,110 Dayton,President,,NL,John Hagelin,1,0,1,
Mason,302 Dewatto,President,,NL,John Hagelin,0,0,0,
Mason,111 Eells,President,,NL,John Hagelin,0,0,0,
Mason,112 Grapeview,President,,NL,John Hagelin,0,0,0,
Mason,113 Harstene,President,,NL,John Hagelin,0,0,0,
Mason,114 Hoodsport,President,,NL,John Hagelin,0,0,0,
Mason,115 Isabella,President,,NL,John Hagelin,0,0,0,
Mason,116 Kamilche,President,,NL,John Hagelin,0,0,0,
Mason,117 Kamilche 2,President,,NL,John Hagelin,1,1,0,
Mason,118 Lake,President,,NL,John Hagelin,2,1,1,
Mason,309 Lakeland,President,,NL,John Hagelin,0,0,0,
Mason,119 Lilliwaup,President,,NL,John Hagelin,1,1,0,
Mason,120 Matlock,President,,NL,John Hagelin,0,0,0,
Mason,121 Mill Creek,President,,NL,John Hagelin,0,0,0,
Mason,122 Miller,President,,NL,John Hagelin,1,1,0,
Mason,123 Mt View,President,,NL,John Hagelin,0,0,0,
Mason,124 Northside,President,,NL,John Hagelin,3,1,2,
Mason,303 Oakland,President,,NL,John Hagelin,0,0,0,
Mason,125 Pickering,President,,NL,John Hagelin,0,0,0,
Mason,126 Potlatch,President,,NL,John Hagelin,0,0,0,
Mason,127 Satsop,President,,NL,John Hagelin,0,0,0,
Mason,128 Skokomish,President,,NL,John Hagelin,0,0,0,
Mason,304 Southside,President,,NL,John Hagelin,0,0,0,
Mason,129 Tahuya,President,,NL,John Hagelin,0,0,0,
Mason,306 Timberlake,President,,NL,John Hagelin,0,0,0,
Mason,130 Union,President,,NL,John Hagelin,3,1,2,
Mason,131 Victor,President,,NL,John Hagelin,0,0,0,
Mason,132 Westside,President,,NL,John Hagelin,0,0,0,
Mason,201 Shelton 1,President,,NL,John Hagelin,0,0,0,
Mason,202 Shelton 2,President,,NL,John Hagelin,1,1,0,
Mason,203 Shelton 3,President,,NL,John Hagelin,0,0,0,
Mason,204 Shelton 4,President,,NL,John Hagelin,0,0,0,
Mason,205 Shelton 5,President,,NL,John Hagelin,0,0,0,
Mason,206 Shelton 6,President,,NL,John Hagelin,0,0,0,
Mason,207 Shelton 7,President,,NL,John Hagelin,1,1,0,
Mason,208 Shelton 8,President,,NL,John Hagelin,0,0,0,
Mason,209 Shelton 9,President,,NL,John Hagelin,0,0,0,
Mason,210 Shelton 10,President,,NL,John Hagelin,0,0,0,
Mason,211 Shelton 11,President,,NL,John Hagelin,0,0,0,
Mason,212 Shelton 12,President,,NL,John Hagelin,0,0,0,
Mason,213 Shelton 13,President,,NL,John Hagelin,1,1,0,
Mason,214 Shelton 14,President,,NL,John Hagelin,0,0,0,
Mason,215 Shelton 15,President,,NL,John Hagelin,0,0,0,
Mason,216 Shelton 16,President,,NL,John Hagelin,0,0,0,
MASON WA,MASON WA,,,NL,John Hagelin,23,11,12,
,,,,,,,,,
Mason,101 Airport,U S Senate,,D,Maria Cantwell,269,138,131,
Mason,102 Allyn,U S Senate,,D,Maria Cantwell,215,135,80,
Mason,103 Arcadia,U S Senate,,D,Maria Cantwell,158,82,76,
Mason,307 Bayshore,U S Senate,,D,Maria Cantwell,219,112,107,
Mason,104 Belfair 1,U S Senate,,D,Maria Cantwell,363,206,157,
Mason,105 Belfair 2,U S Senate,,D,Maria Cantwell,186,93,93,
Mason,106 Belfair 3,U S Senate,,D,Maria Cantwell,208,118,90,
Mason,107 Belfair 4,U S Senate,,D,Maria Cantwell,338,183,155,
Mason,301 Belfair 5,U S Senate,,D,Maria Cantwell,123,50,73,
Mason,308 Belfair 6,U S Senate,,D,Maria Cantwell,155,88,67,
Mason,108 Capitol Hill,U S Senate,,D,Maria Cantwell,181,105,76,
Mason,109 Cloquallum,U S Senate,,D,Maria Cantwell,161,91,70,
Mason,305 Cushman,U S Senate,,D,Maria Cantwell,310,191,119,
Mason,110 Dayton,U S Senate,,D,Maria Cantwell,167,59,108,
Mason,302 Dewatto,U S Senate,,D,Maria Cantwell,235,175,60,
Mason,111 Eells,U S Senate,,D,Maria Cantwell,104,47,57,
Mason,112 Grapeview,U S Senate,,D,Maria Cantwell,348,172,176,
Mason,113 Harstene,U S Senate,,D,Maria Cantwell,323,153,170,
Mason,114 Hoodsport,U S Senate,,D,Maria Cantwell,117,78,39,
Mason,115 Isabella,U S Senate,,D,Maria Cantwell,172,92,80,
Mason,116 Kamilche,U S Senate,,D,Maria Cantwell,354,183,171,
Mason,117 Kamilche 2,U S Senate,,D,Maria Cantwell,375,214,161,
Mason,118 Lake,U S Senate,,D,Maria Cantwell,246,162,84,
Mason,309 Lakeland,U S Senate,,D,Maria Cantwell,194,105,89,
Mason,119 Lilliwaup,U S Senate,,D,Maria Cantwell,198,130,68,
Mason,120 Matlock,U S Senate,,D,Maria Cantwell,96,43,53,
Mason,121 Mill Creek,U S Senate,,D,Maria Cantwell,190,99,91,
Mason,122 Miller,U S Senate,,D,Maria Cantwell,268,149,119,
Mason,123 Mt View,U S Senate,,D,Maria Cantwell,145,60,85,
Mason,124 Northside,U S Senate,,D,Maria Cantwell,334,195,139,
Mason,303 Oakland,U S Senate,,D,Maria Cantwell,65,37,28,
Mason,125 Pickering,U S Senate,,D,Maria Cantwell,371,216,155,
Mason,126 Potlatch,U S Senate,,D,Maria Cantwell,14,3,11,
Mason,127 Satsop,U S Senate,,D,Maria Cantwell,76,37,39,
Mason,128 Skokomish,U S Senate,,D,Maria Cantwell,173,51,122,
Mason,304 Southside,U S Senate,,D,Maria Cantwell,296,116,180,
Mason,129 Tahuya,U S Senate,,D,Maria Cantwell,213,135,78,
Mason,306 Timberlake,U S Senate,,D,Maria Cantwell,280,165,115,
Mason,130 Union,U S Senate,,D,Maria Cantwell,401,257,144,
Mason,131 Victor,U S Senate,,D,Maria Cantwell,144,94,50,
Mason,132 Westside,U S Senate,,D,Maria Cantwell,83,46,37,
Mason,201 Shelton 1,U S Senate,,D,Maria Cantwell,35,14,21,
Mason,202 Shelton 2,U S Senate,,D,Maria Cantwell,58,32,26,
Mason,203 Shelton 3,U S Senate,,D,Maria Cantwell,87,32,55,
Mason,204 Shelton 4,U S Senate,,D,Maria Cantwell,76,44,32,
Mason,205 Shelton 5,U S Senate,,D,Maria Cantwell,99,36,63,
Mason,206 Shelton 6,U S Senate,,D,Maria Cantwell,43,17,26,
Mason,207 Shelton 7,U S Senate,,D,Maria Cantwell,103,34,69,
Mason,208 Shelton 8,U S Senate,,D,Maria Cantwell,70,29,41,
Mason,209 Shelton 9,U S Senate,,D,Maria Cantwell,55,18,37,
Mason,210 Shelton 10,U S Senate,,D,Maria Cantwell,74,35,39,
Mason,211 Shelton 11,U S Senate,,D,Maria Cantwell,95,46,49,
Mason,212 Shelton 12,U S Senate,,D,Maria Cantwell,43,20,23,
Mason,213 Shelton 13,U S Senate,,D,Maria Cantwell,135,51,84,
Mason,214 Shelton 14,U S Senate,,D,Maria Cantwell,88,42,46,
Mason,215 Shelton 15,U S Senate,,D,Maria Cantwell,63,31,32,
Mason,216 Shelton 16,U S Senate,,D,Maria Cantwell,276,179,97,
MASON WA,MASON WA,U S Senate,,D,Maria Cantwell,10268,5525,4743,
Mason,101 Airport,U S Senate,,R,Slade Gorton,387,173,214,
Mason,102 Allyn,U S Senate,,R,Slade Gorton,339,253,86,
Mason,103 Arcadia,U S Senate,,R,Slade Gorton,163,107,56,
Mason,307 Bayshore,U S Senate,,R,Slade Gorton,218,118,100,
Mason,104 Belfair 1,U S Senate,,R,Slade Gorton,429,264,165,
Mason,105 Belfair 2,U S Senate,,R,Slade Gorton,254,147,107,
Mason,106 Belfair 3,U S Senate,,R,Slade Gorton,232,126,106,
Mason,107 Belfair 4,U S Senate,,R,Slade Gorton,402,208,194,
Mason,301 Belfair 5,U S Senate,,R,Slade Gorton,185,82,103,
Mason,308 Belfair 6,U S Senate,,R,Slade Gorton,165,83,82,
Mason,108 Capitol Hill,U S Senate,,R,Slade Gorton,202,106,96,
Mason,109 Cloquallum,U S Senate,,R,Slade Gorton,181,85,96,
Mason,305 Cushman,U S Senate,,R,Slade Gorton,327,220,107,
Mason,110 Dayton,U S Senate,,R,Slade Gorton,172,71,101,
Mason,302 Dewatto,U S Senate,,R,Slade Gorton,237,171,66,
Mason,111 Eells,U S Senate,,R,Slade Gorton,116,53,63,
Mason,112 Grapeview,U S Senate,,R,Slade Gorton,410,219,191,
Mason,113 Harstene,U S Senate,,R,Slade Gorton,350,197,153,
Mason,114 Hoodsport,U S Senate,,R,Slade Gorton,192,104,88,
Mason,115 Isabella,U S Senate,,R,Slade Gorton,221,137,84,
Mason,116 Kamilche,U S Senate,,R,Slade Gorton,287,160,127,
Mason,117 Kamilche 2,U S Senate,,R,Slade Gorton,383,222,161,
Mason,118 Lake,U S Senate,,R,Slade Gorton,301,210,91,
Mason,309 Lakeland,U S Senate,,R,Slade Gorton,232,125,107,
Mason,119 Lilliwaup,U S Senate,,R,Slade Gorton,187,124,63,
Mason,120 Matlock,U S Senate,,R,Slade Gorton,123,46,77,
Mason,121 Mill Creek,U S Senate,,R,Slade Gorton,188,86,102,
Mason,122 Miller,U S Senate,,R,Slade Gorton,272,144,128,
Mason,123 Mt View,U S Senate,,R,Slade Gorton,142,54,88,
Mason,124 Northside,U S Senate,,R,Slade Gorton,319,188,131,
Mason,303 Oakland,U S Senate,,R,Slade Gorton,117,57,60,
Mason,125 Pickering,U S Senate,,R,Slade Gorton,370,230,140,
Mason,126 Potlatch,U S Senate,,R,Slade Gorton,30,21,9,
Mason,127 Satsop,U S Senate,,R,Slade Gorton,72,34,38,
Mason,128 Skokomish,U S Senate,,R,Slade Gorton,32,23,9,
Mason,304 Southside,U S Senate,,R,Slade Gorton,374,145,229,
Mason,129 Tahuya,U S Senate,,R,Slade Gorton,222,158,64,
Mason,306 Timberlake,U S Senate,,R,Slade Gorton,244,132,112,
Mason,130 Union,U S Senate,,R,Slade Gorton,435,286,149,
Mason,131 Victor,U S Senate,,R,Slade Gorton,136,86,50,
Mason,132 Westside,U S Senate,,R,Slade Gorton,106,53,53,
Mason,201 Shelton 1,U S Senate,,R,Slade Gorton,31,16,15,
Mason,202 Shelton 2,U S Senate,,R,Slade Gorton,31,11,20,
Mason,203 Shelton 3,U S Senate,,R,Slade Gorton,89,44,45,
Mason,204 Shelton 4,U S Senate,,R,Slade Gorton,50,23,27,
Mason,205 Shelton 5,U S Senate,,R,Slade Gorton,140,65,75,
Mason,206 Shelton 6,U S Senate,,R,Slade Gorton,43,15,28,
Mason,207 Shelton 7,U S Senate,,R,Slade Gorton,144,55,89,
Mason,208 Shelton 8,U S Senate,,R,Slade Gorton,67,22,45,
Mason,209 Shelton 9,U S Senate,,R,Slade Gorton,35,13,22,
Mason,210 Shelton 10,U S Senate,,R,Slade Gorton,48,24,24,
Mason,211 Shelton 11,U S Senate,,R,Slade Gorton,88,28,60,
Mason,212 Shelton 12,U S Senate,,R,Slade Gorton,40,18,22,
Mason,213 Shelton 13,U S Senate,,R,Slade Gorton,129,64,65,
Mason,214 Shelton 14,U S Senate,,R,Slade Gorton,83,39,44,
Mason,215 Shelton 15,U S Senate,,R,Slade Gorton,40,17,23,
Mason,216 Shelton 16,U S Senate,,R,Slade Gorton,306,176,130,
MASON WA,MASON WA,U S Senate,,R,Slade Gorton,11118,6138,4980,
Mason,101 Airport,U S Senate,,L,Jeff Jared,15,7,8,
Mason,102 Allyn,U S Senate,,L,Jeff Jared,14,8,6,
Mason,103 Arcadia,U S Senate,,L,Jeff Jared,5,2,3,
Mason,307 Bayshore,U S Senate,,L,Jeff Jared,23,15,8,
Mason,104 Belfair 1,U S Senate,,L,Jeff Jared,32,19,13,
Mason,105 Belfair 2,U S Senate,,L,Jeff Jared,21,9,12,
Mason,106 Belfair 3,U S Senate,,L,Jeff Jared,26,16,10,
Mason,107 Belfair 4,U S Senate,,L,Jeff Jared,32,14,18,
Mason,301 Belfair 5,U S Senate,,L,Jeff Jared,13,2,11,
Mason,308 Belfair 6,U S Senate,,L,Jeff Jared,17,11,6,
Mason,108 Capitol Hill,U S Senate,,L,Jeff Jared,18,8,10,
Mason,109 Cloquallum,U S Senate,,L,Jeff Jared,15,4,11,
Mason,305 Cushman,U S Senate,,L,Jeff Jared,19,11,8,
Mason,110 Dayton,U S Senate,,L,Jeff Jared,27,5,22,
Mason,302 Dewatto,U S Senate,,L,Jeff Jared,18,11,7,
Mason,111 Eells,U S Senate,,L,Jeff Jared,14,5,9,
Mason,112 Grapeview,U S Senate,,L,Jeff Jared,29,17,12,
Mason,113 Harstene,U S Senate,,L,Jeff Jared,24,9,15,
Mason,114 Hoodsport,U S Senate,,L,Jeff Jared,9,4,5,
Mason,115 Isabella,U S Senate,,L,Jeff Jared,21,10,11,
Mason,116 Kamilche,U S Senate,,L,Jeff Jared,24,7,17,
Mason,117 Kamilche 2,U S Senate,,L,Jeff Jared,27,11,16,
Mason,118 Lake,U S Senate,,L,Jeff Jared,23,16,7,
Mason,309 Lakeland,U S Senate,,L,Jeff Jared,15,6,9,
Mason,119 Lilliwaup,U S Senate,,L,Jeff Jared,8,6,2,
Mason,120 Matlock,U S Senate,,L,Jeff Jared,18,4,14,
Mason,121 Mill Creek,U S Senate,,L,Jeff Jared,11,7,4,
Mason,122 Miller,U S Senate,,L,Jeff Jared,23,11,12,
Mason,123 Mt View,U S Senate,,L,Jeff Jared,21,7,14,
Mason,124 Northside,U S Senate,,L,Jeff Jared,22,14,8,
Mason,303 Oakland,U S Senate,,L,Jeff Jared,9,4,5,
Mason,125 Pickering,U S Senate,,L,Jeff Jared,36,17,19,
Mason,126 Potlatch,U S Senate,,L,Jeff Jared,1,1,0,
Mason,127 Satsop,U S Senate,,L,Jeff Jared,6,2,4,
Mason,128 Skokomish,U S Senate,,L,Jeff Jared,4,3,1,
Mason,304 Southside,U S Senate,,L,Jeff Jared,25,9,16,
Mason,129 Tahuya,U S Senate,,L,Jeff Jared,10,5,5,
Mason,306 Timberlake,U S Senate,,L,Jeff Jared,27,13,14,
Mason,130 Union,U S Senate,,L,Jeff Jared,23,12,11,
Mason,131 Victor,U S Senate,,L,Jeff Jared,12,9,3,
Mason,132 Westside,U S Senate,,L,Jeff Jared,6,5,1,
Mason,201 Shelton 1,U S Senate,,L,Jeff Jared,3,3,0,
Mason,202 Shelton 2,U S Senate,,L,Jeff Jared,6,3,3,
Mason,203 Shelton 3,U S Senate,,L,Jeff Jared,5,1,4,
Mason,204 Shelton 4,U S Senate,,L,Jeff Jared,7,5,2,
Mason,205 Shelton 5,U S Senate,,L,Jeff Jared,9,2,7,
Mason,206 Shelton 6,U S Senate,,L,Jeff Jared,4,4,0,
Mason,207 Shelton 7,U S Senate,,L,Jeff Jared,6,2,4,
Mason,208 Shelton 8,U S Senate,,L,Jeff Jared,10,3,7,
Mason,209 Shelton 9,U S Senate,,L,Jeff Jared,4,0,4,
Mason,210 Shelton 10,U S Senate,,L,Jeff Jared,10,1,9,
Mason,211 Shelton 11,U S Senate,,L,Jeff Jared,7,6,1,
Mason,212 Shelton 12,U S Senate,,L,Jeff Jared,3,2,1,
Mason,213 Shelton 13,U S Senate,,L,Jeff Jared,15,7,8,
Mason,214 Shelton 14,U S Senate,,L,Jeff Jared,10,3,7,
Mason,215 Shelton 15,U S Senate,,L,Jeff Jared,4,3,1,
Mason,216 Shelton 16,U S Senate,,L,Jeff Jared,18,10,8,
MASON WA,MASON WA,U S Senate,,L,Jeff Jared,864,411,453,
Mason,101 Airport,Congress 6 ,6,D,Norm Dicks,395,201,194,
Mason,102 Allyn,Congress 6 ,6,D,Norm Dicks,335,237,98,
Mason,103 Arcadia,Congress 6 ,6,D,Norm Dicks,212,120,92,
Mason,307 Bayshore,Congress 6 ,6,D,Norm Dicks,289,149,140,
Mason,104 Belfair 1,Congress 6 ,6,D,Norm Dicks,525,296,229,
Mason,105 Belfair 2,Congress 6 ,6,D,Norm Dicks,271,142,129,
Mason,106 Belfair 3,Congress 6 ,6,D,Norm Dicks,292,157,135,
Mason,107 Belfair 4,Congress 6 ,6,D,Norm Dicks,517,280,237,
Mason,301 Belfair 5,Congress 6 ,6,D,Norm Dicks,204,87,117,
Mason,308 Belfair 6,Congress 6 ,6,D,Norm Dicks,209,114,95,
Mason,108 Capitol Hill,Congress 6 ,6,D,Norm Dicks,247,136,111,
Mason,109 Cloquallum,Congress 6 ,6,D,Norm Dicks,197,110,87,
Mason,305 Cushman,Congress 6 ,6,D,Norm Dicks,410,273,137,
Mason,110 Dayton,Congress 6 ,6,D,Norm Dicks,195,73,122,
Mason,302 Dewatto,Congress 6 ,6,D,Norm Dicks,336,245,91,
Mason,111 Eells,Congress 6 ,6,D,Norm Dicks,131,50,81,
Mason,112 Grapeview,Congress 6 ,6,D,Norm Dicks,485,238,247,
Mason,113 Harstene,Congress 6 ,6,D,Norm Dicks,402,201,201,
Mason,114 Hoodsport,Congress 6 ,6,D,Norm Dicks,166,102,64,
Mason,115 Isabella,Congress 6 ,6,D,Norm Dicks,220,118,102,
Mason,116 Kamilche,Congress 6 ,6,D,Norm Dicks,425,230,195,
Mason,117 Kamilche 2,Congress 6 ,6,D,Norm Dicks,481,271,210,
Mason,118 Lake,Congress 6 ,6,D,Norm Dicks,374,252,122,
Mason,309 Lakeland,Congress 6 ,6,D,Norm Dicks,268,142,126,
Mason,119 Lilliwaup,Congress 6 ,6,D,Norm Dicks,233,163,70,
Mason,120 Matlock,Congress 6 ,6,D,Norm Dicks,124,48,76,
Mason,121 Mill Creek,Congress 6 ,6,D,Norm Dicks,232,124,108,
Mason,122 Miller,Congress 6 ,6,D,Norm Dicks,330,188,142,
Mason,123 Mt View,Congress 6 ,6,D,Norm Dicks,182,75,107,
Mason,124 Northside,Congress 6 ,6,D,Norm Dicks,423,255,168,
Mason,303 Oakland,Congress 6 ,6,D,Norm Dicks,98,47,51,
Mason,125 Pickering,Congress 6 ,6,D,Norm Dicks,456,282,174,
Mason,126 Potlatch,Congress 6 ,6,D,Norm Dicks,25,9,16,
Mason,127 Satsop,Congress 6 ,6,D,Norm Dicks,108,53,55,
Mason,128 Skokomish,Congress 6 ,6,D,Norm Dicks,151,51,100,
Mason,304 Southside,Congress 6 ,6,D,Norm Dicks,380,151,229,
Mason,129 Tahuya,Congress 6 ,6,D,Norm Dicks,274,185,89,
Mason,306 Timberlake,Congress 6 ,6,D,Norm Dicks,332,198,134,
Mason,130 Union,Congress 6 ,6,D,Norm Dicks,519,330,189,
Mason,131 Victor,Congress 6 ,6,D,Norm Dicks,194,122,72,
Mason,132 Westside,Congress 6 ,6,D,Norm Dicks,111,65,46,
Mason,201 Shelton 1,Congress 6 ,6,D,Norm Dicks,42,19,23,
Mason,202 Shelton 2,Congress 6 ,6,D,Norm Dicks,60,36,24,
Mason,203 Shelton 3,Congress 6 ,6,D,Norm Dicks,108,38,70,
Mason,204 Shelton 4,Congress 6 ,6,D,Norm Dicks,91,50,41,
Mason,205 Shelton 5,Congress 6 ,6,D,Norm Dicks,141,56,85,
Mason,206 Shelton 6,Congress 6 ,6,D,Norm Dicks,51,21,30,
Mason,207 Shelton 7,Congress 6 ,6,D,Norm Dicks,146,47,99,
Mason,208 Shelton 8,Congress 6 ,6,D,Norm Dicks,77,28,49,
Mason,209 Shelton 9,Congress 6 ,6,D,Norm Dicks,67,23,44,
Mason,210 Shelton 10,Congress 6 ,6,D,Norm Dicks,83,40,43,
Mason,211 Shelton 11,Congress 6 ,6,D,Norm Dicks,123,53,70,
Mason,212 Shelton 12,Congress 6 ,6,D,Norm Dicks,54,17,37,
Mason,213 Shelton 13,Congress 6 ,6,D,Norm Dicks,165,69,96,
Mason,214 Shelton 14,Congress 6 ,6,D,Norm Dicks,114,52,62,
Mason,215 Shelton 15,Congress 6 ,6,D,Norm Dicks,73,34,39,
Mason,216 Shelton 16,Congress 6 ,6,D,Norm Dicks,362,232,130,
MASON WA,MASON WA,Congress 6 ,6,D,Norm Dicks,13515,7385,6130,
Mason,101 Airport,Congress 6 ,6,R,Bob Lawrence,226,95,131,
Mason,102 Allyn,Congress 6 ,6,R,Bob Lawrence,207,146,61,
Mason,103 Arcadia,Congress 6 ,6,R,Bob Lawrence,98,61,37,
Mason,307 Bayshore,Congress 6 ,6,R,Bob Lawrence,134,81,53,
Mason,104 Belfair 1,Congress 6 ,6,R,Bob Lawrence,261,169,92,
Mason,105 Belfair 2,Congress 6 ,6,R,Bob Lawrence,161,96,65,
Mason,106 Belfair 3,Congress 6 ,6,R,Bob Lawrence,133,76,57,
Mason,107 Belfair 4,Congress 6 ,6,R,Bob Lawrence,204,108,96,
Mason,301 Belfair 5,Congress 6 ,6,R,Bob Lawrence,95,40,55,
Mason,308 Belfair 6,Congress 6 ,6,R,Bob Lawrence,106,57,49,
Mason,108 Capitol Hill,Congress 6 ,6,R,Bob Lawrence,121,69,52,
Mason,109 Cloquallum,Congress 6 ,6,R,Bob Lawrence,119,55,64,
Mason,305 Cushman,Congress 6 ,6,R,Bob Lawrence,213,136,77,
Mason,110 Dayton,Congress 6 ,6,R,Bob Lawrence,126,53,73,
Mason,302 Dewatto,Congress 6 ,6,R,Bob Lawrence,129,99,30,
Mason,111 Eells,Congress 6 ,6,R,Bob Lawrence,83,48,35,
Mason,112 Grapeview,Congress 6 ,6,R,Bob Lawrence,259,152,107,
Mason,113 Harstene,Congress 6 ,6,R,Bob Lawrence,261,141,120,
Mason,114 Hoodsport,Congress 6 ,6,R,Bob Lawrence,122,68,54,
Mason,115 Isabella,Congress 6 ,6,R,Bob Lawrence,158,101,57,
Mason,116 Kamilche,Congress 6 ,6,R,Bob Lawrence,193,100,93,
Mason,117 Kamilche 2,Congress 6 ,6,R,Bob Lawrence,227,142,85,
Mason,118 Lake,Congress 6 ,6,R,Bob Lawrence,165,114,51,
Mason,309 Lakeland,Congress 6 ,6,R,Bob Lawrence,145,85,60,
Mason,119 Lilliwaup,Congress 6 ,6,R,Bob Lawrence,131,78,53,
Mason,120 Matlock,Congress 6 ,6,R,Bob Lawrence,93,39,54,
Mason,121 Mill Creek,Congress 6 ,6,R,Bob Lawrence,126,60,66,
Mason,122 Miller,Congress 6 ,6,R,Bob Lawrence,176,92,84,
Mason,123 Mt View,Congress 6 ,6,R,Bob Lawrence,86,30,56,
Mason,124 Northside,Congress 6 ,6,R,Bob Lawrence,217,126,91,
Mason,303 Oakland,Congress 6 ,6,R,Bob Lawrence,76,43,33,
Mason,125 Pickering,Congress 6 ,6,R,Bob Lawrence,257,152,105,
Mason,126 Potlatch,Congress 6 ,6,R,Bob Lawrence,18,14,4,
Mason,127 Satsop,Congress 6 ,6,R,Bob Lawrence,40,19,21,
Mason,128 Skokomish,Congress 6 ,6,R,Bob Lawrence,35,22,13,
Mason,304 Southside,Congress 6 ,6,R,Bob Lawrence,258,102,156,
Mason,129 Tahuya,Congress 6 ,6,R,Bob Lawrence,151,100,51,
Mason,306 Timberlake,Congress 6 ,6,R,Bob Lawrence,160,82,78,
Mason,130 Union,Congress 6 ,6,R,Bob Lawrence,282,192,90,
Mason,131 Victor,Congress 6 ,6,R,Bob Lawrence,79,54,25,
Mason,132 Westside,Congress 6 ,6,R,Bob Lawrence,73,31,42,
Mason,201 Shelton 1,Congress 6 ,6,R,Bob Lawrence,18,12,6,
Mason,202 Shelton 2,Congress 6 ,6,R,Bob Lawrence,26,8,18,
Mason,203 Shelton 3,Congress 6 ,6,R,Bob Lawrence,66,37,29,
Mason,204 Shelton 4,Congress 6 ,6,R,Bob Lawrence,32,16,16,
Mason,205 Shelton 5,Congress 6 ,6,R,Bob Lawrence,94,45,49,
Mason,206 Shelton 6,Congress 6 ,6,R,Bob Lawrence,28,10,18,
Mason,207 Shelton 7,Congress 6 ,6,R,Bob Lawrence,90,38,52,
Mason,208 Shelton 8,Congress 6 ,6,R,Bob Lawrence,51,17,34,
Mason,209 Shelton 9,Congress 6 ,6,R,Bob Lawrence,17,6,11,
Mason,210 Shelton 10,Congress 6 ,6,R,Bob Lawrence,32,19,13,
Mason,211 Shelton 11,Congress 6 ,6,R,Bob Lawrence,51,22,29,
Mason,212 Shelton 12,Congress 6 ,6,R,Bob Lawrence,27,18,9,
Mason,213 Shelton 13,Congress 6 ,6,R,Bob Lawrence,90,46,44,
Mason,214 Shelton 14,Congress 6 ,6,R,Bob Lawrence,50,23,27,
Mason,215 Shelton 15,Congress 6 ,6,R,Bob Lawrence,24,13,11,
Mason,216 Shelton 16,Congress 6 ,6,R,Bob Lawrence,191,113,78,
MASON WA,MASON WA,Congress 6 ,6,R,Bob Lawrence,11062,3971,7091,
Mason,101 Airport,Congress 6 ,6,L,John Bennett,24,12,12,
Mason,102 Allyn,Congress 6 ,6,L,John Bennett,21,12,9,
Mason,103 Arcadia,Congress 6 ,6,L,John Bennett,10,5,5,
Mason,307 Bayshore,Congress 6 ,6,L,John Bennett,23,11,12,
Mason,104 Belfair 1,Congress 6 ,6,L,John Bennett,30,19,11,
Mason,105 Belfair 2,Congress 6 ,6,L,John Bennett,18,8,10,
Mason,106 Belfair 3,Congress 6 ,6,L,John Bennett,30,19,11,
Mason,107 Belfair 4,Congress 6 ,6,L,John Bennett,33,12,21,
Mason,301 Belfair 5,Congress 6 ,6,L,John Bennett,13,4,9,
Mason,308 Belfair 6,Congress 6 ,6,L,John Bennett,14,8,6,
Mason,108 Capitol Hill,Congress 6 ,6,L,John Bennett,24,10,14,
Mason,109 Cloquallum,Congress 6 ,6,L,John Bennett,27,9,18,
Mason,305 Cushman,Congress 6 ,6,L,John Bennett,17,5,12,
Mason,110 Dayton,Congress 6 ,6,L,John Bennett,34,11,23,
Mason,302 Dewatto,Congress 6 ,6,L,John Bennett,16,8,8,
Mason,111 Eells,Congress 6 ,6,L,John Bennett,14,7,7,
Mason,112 Grapeview,Congress 6 ,6,L,John Bennett,29,13,16,
Mason,113 Harstene,Congress 6 ,6,L,John Bennett,26,13,13,
Mason,114 Hoodsport,Congress 6 ,6,L,John Bennett,17,5,12,
Mason,115 Isabella,Congress 6 ,6,L,John Bennett,27,16,11,
Mason,116 Kamilche,Congress 6 ,6,L,John Bennett,30,12,18,
Mason,117 Kamilche 2,Congress 6 ,6,L,John Bennett,43,17,26,
Mason,118 Lake,Congress 6 ,6,L,John Bennett,23,14,9,
Mason,309 Lakeland,Congress 6 ,6,L,John Bennett,16,7,9,
Mason,119 Lilliwaup,Congress 6 ,6,L,John Bennett,23,14,9,
Mason,120 Matlock,Congress 6 ,6,L,John Bennett,14,2,12,
Mason,121 Mill Creek,Congress 6 ,6,L,John Bennett,19,4,15,
Mason,122 Miller,Congress 6 ,6,L,John Bennett,41,20,21,
Mason,123 Mt View,Congress 6 ,6,L,John Bennett,28,10,18,
Mason,124 Northside,Congress 6 ,6,L,John Bennett,29,13,16,
Mason,303 Oakland,Congress 6 ,6,L,John Bennett,9,3,6,
Mason,125 Pickering,Congress 6 ,6,L,John Bennett,43,18,25,
Mason,126 Potlatch,Congress 6 ,6,L,John Bennett,1,1,0,
Mason,127 Satsop,Congress 6 ,6,L,John Bennett,5,1,4,
Mason,128 Skokomish,Congress 6 ,6,L,John Bennett,8,1,7,
Mason,304 Southside,Congress 6 ,6,L,John Bennett,42,15,27,
Mason,129 Tahuya,Congress 6 ,6,L,John Bennett,10,5,5,
Mason,306 Timberlake,Congress 6 ,6,L,John Bennett,39,18,21,
Mason,130 Union,Congress 6 ,6,L,John Bennett,37,17,20,
Mason,131 Victor,Congress 6 ,6,L,John Bennett,14,10,4,
Mason,132 Westside,Congress 6 ,6,L,John Bennett,7,6,1,
Mason,201 Shelton 1,Congress 6 ,6,L,John Bennett,7,2,5,
Mason,202 Shelton 2,Congress 6 ,6,L,John Bennett,6,2,4,
Mason,203 Shelton 3,Congress 6 ,6,L,John Bennett,5,1,4,
Mason,204 Shelton 4,Congress 6 ,6,L,John Bennett,7,2,5,
Mason,205 Shelton 5,Congress 6 ,6,L,John Bennett,13,5,8,
Mason,206 Shelton 6,Congress 6 ,6,L,John Bennett,11,5,6,
Mason,207 Shelton 7,Congress 6 ,6,L,John Bennett,10,2,8,
Mason,208 Shelton 8,Congress 6 ,6,L,John Bennett,11,4,7,
Mason,209 Shelton 9,Congress 6 ,6,L,John Bennett,7,1,6,
Mason,210 Shelton 10,Congress 6 ,6,L,John Bennett,16,3,13,
Mason,211 Shelton 11,Congress 6 ,6,L,John Bennett,6,2,4,
Mason,212 Shelton 12,Congress 6 ,6,L,John Bennett,4,3,1,
Mason,213 Shelton 13,Congress 6 ,6,L,John Bennett,15,4,11,
Mason,214 Shelton 14,Congress 6 ,6,L,John Bennett,5,4,1,
Mason,215 Shelton 15,Congress 6 ,6,L,John Bennett,6,2,4,
Mason,216 Shelton 16,Congress 6 ,6,L,John Bennett,22,7,15,
MASON WA,MASON WA,Congress 6 ,6,L,John Bennett,1543,464,1079,
Mason,101 Airport,Governor,,D,Gary Locke,374,186,188,
Mason,102 Allyn,Governor,,D,Gary Locke,287,199,88,
Mason,103 Arcadia,Governor,,D,Gary Locke,192,108,84,
Mason,307 Bayshore,Governor,,D,Gary Locke,263,136,127,
Mason,104 Belfair 1,Governor,,D,Gary Locke,432,244,188,
Mason,105 Belfair 2,Governor,,D,Gary Locke,239,120,119,
Mason,106 Belfair 3,Governor,,D,Gary Locke,238,125,113,
Mason,107 Belfair 4,Governor,,D,Gary Locke,394,217,177,
Mason,301 Belfair 5,Governor,,D,Gary Locke,144,62,82,
Mason,308 Belfair 6,Governor,,D,Gary Locke,155,85,70,
Mason,108 Capitol Hill,Governor,,D,Gary Locke,222,119,103,
Mason,109 Cloquallum,Governor,,D,Gary Locke,184,103,81,
Mason,305 Cushman,Governor,,D,Gary Locke,383,249,134,
Mason,110 Dayton,Governor,,D,Gary Locke,177,60,117,
Mason,302 Dewatto,Governor,,D,Gary Locke,264,192,72,
Mason,111 Eells,Governor,,D,Gary Locke,122,48,74,
Mason,112 Grapeview,Governor,,D,Gary Locke,424,210,214,
Mason,113 Harstene,Governor,,D,Gary Locke,363,183,180,
Mason,114 Hoodsport,Governor,,D,Gary Locke,159,98,61,
Mason,115 Isabella,Governor,,D,Gary Locke,214,119,95,
Mason,116 Kamilche,Governor,,D,Gary Locke,394,195,199,
Mason,117 Kamilche 2,Governor,,D,Gary Locke,464,251,213,
Mason,118 Lake,Governor,,D,Gary Locke,323,211,112,
Mason,309 Lakeland,Governor,,D,Gary Locke,232,124,108,
Mason,119 Lilliwaup,Governor,,D,Gary Locke,208,145,63,
Mason,120 Matlock,Governor,,D,Gary Locke,129,54,75,
Mason,121 Mill Creek,Governor,,D,Gary Locke,230,116,114,
Mason,122 Miller,Governor,,D,Gary Locke,315,174,141,
Mason,123 Mt View,Governor,,D,Gary Locke,183,74,109,
Mason,124 Northside,Governor,,D,Gary Locke,396,239,157,
Mason,303 Oakland,Governor,,D,Gary Locke,87,42,45,
Mason,125 Pickering,Governor,,D,Gary Locke,418,250,168,
Mason,126 Potlatch,Governor,,D,Gary Locke,18,7,11,
Mason,127 Satsop,Governor,,D,Gary Locke,94,49,45,
Mason,128 Skokomish,Governor,,D,Gary Locke,163,54,109,
Mason,304 Southside,Governor,,D,Gary Locke,381,152,229,
Mason,129 Tahuya,Governor,,D,Gary Locke,250,164,86,
Mason,306 Timberlake,Governor,,D,Gary Locke,315,185,130,
Mason,130 Union,Governor,,D,Gary Locke,473,302,171,
Mason,131 Victor,Governor,,D,Gary Locke,158,102,56,
Mason,132 Westside,Governor,,D,Gary Locke,96,53,43,
Mason,201 Shelton 1,Governor,,D,Gary Locke,43,22,21,
Mason,202 Shelton 2,Governor,,D,Gary Locke,64,33,31,
Mason,203 Shelton 3,Governor,,D,Gary Locke,102,38,64,
Mason,204 Shelton 4,Governor,,D,Gary Locke,84,49,35,
Mason,205 Shelton 5,Governor,,D,Gary Locke,139,58,81,
Mason,206 Shelton 6,Governor,,D,Gary Locke,55,21,34,
Mason,207 Shelton 7,Governor,,D,Gary Locke,148,49,99,
Mason,208 Shelton 8,Governor,,D,Gary Locke,83,28,55,
Mason,209 Shelton 9,Governor,,D,Gary Locke,64,22,42,
Mason,210 Shelton 10,Governor,,D,Gary Locke,80,35,45,
Mason,211 Shelton 11,Governor,,D,Gary Locke,123,55,68,
Mason,212 Shelton 12,Governor,,D,Gary Locke,55,20,35,
Mason,213 Shelton 13,Governor,,D,Gary Locke,172,72,100,
Mason,214 Shelton 14,Governor,,D,Gary Locke,122,58,64,
Mason,215 Shelton 15,Governor,,D,Gary Locke,70,34,36,
Mason,216 Shelton 16,Governor,,D,Gary Locke,358,225,133,
MASON WA,MASON WA,Governor,,D,Gary Locke,18944,6625,12319,
Mason,101 Airport,Governor,,R,John Carlson,289,125,164,
Mason,102 Allyn,Governor,,R,John Carlson,273,193,80,
Mason,103 Arcadia,Governor,,R,John Carlson,129,80,49,
Mason,307 Bayshore,Governor,,R,John Carlson,178,100,78,
Mason,104 Belfair 1,Governor,,R,John Carlson,380,236,144,
Mason,105 Belfair 2,Governor,,R,John Carlson,207,119,88,
Mason,106 Belfair 3,Governor,,R,John Carlson,218,123,95,
Mason,107 Belfair 4,Governor,,R,John Carlson,359,180,179,
Mason,301 Belfair 5,Governor,,R,John Carlson,161,69,92,
Mason,308 Belfair 6,Governor,,R,John Carlson,176,93,83,
Mason,108 Capitol Hill,Governor,,R,John Carlson,168,95,73,
Mason,109 Cloquallum,Governor,,R,John Carlson,168,75,93,
Mason,305 Cushman,Governor,,R,John Carlson,268,170,98,
Mason,110 Dayton,Governor,,R,John Carlson,164,68,96,
Mason,302 Dewatto,Governor,,R,John Carlson,223,163,60,
Mason,111 Eells,Governor,,R,John Carlson,105,55,50,
Mason,112 Grapeview,Governor,,R,John Carlson,349,195,154,
Mason,113 Harstene,Governor,,R,John Carlson,319,172,147,
Mason,114 Hoodsport,Governor,,R,John Carlson,152,85,67,
Mason,115 Isabella,Governor,,R,John Carlson,193,115,78,
Mason,116 Kamilche,Governor,,R,John Carlson,260,147,113,
Mason,117 Kamilche 2,Governor,,R,John Carlson,315,191,124,
Mason,118 Lake,Governor,,R,John Carlson,235,165,70,
Mason,309 Lakeland,Governor,,R,John Carlson,198,111,87,
Mason,119 Lilliwaup,Governor,,R,John Carlson,183,111,72,
Mason,120 Matlock,Governor,,R,John Carlson,100,39,61,
Mason,121 Mill Creek,Governor,,R,John Carlson,149,74,75,
Mason,122 Miller,Governor,,R,John Carlson,231,120,111,
Mason,123 Mt View,Governor,,R,John Carlson,114,45,69,
Mason,124 Northside,Governor,,R,John Carlson,284,161,123,
Mason,303 Oakland,Governor,,R,John Carlson,104,54,50,
Mason,125 Pickering,Governor,,R,John Carlson,343,205,138,
Mason,126 Potlatch,Governor,,R,John Carlson,24,15,9,
Mason,127 Satsop,Governor,,R,John Carlson,58,26,32,
Mason,128 Skokomish,Governor,,R,John Carlson,37,23,14,
Mason,304 Southside,Governor,,R,John Carlson,294,109,185,
Mason,129 Tahuya,Governor,,R,John Carlson,192,137,55,
Mason,306 Timberlake,Governor,,R,John Carlson,224,118,106,
Mason,130 Union,Governor,,R,John Carlson,362,240,122,
Mason,131 Victor,Governor,,R,John Carlson,129,85,44,
Mason,132 Westside,Governor,,R,John Carlson,103,53,50,
Mason,201 Shelton 1,Governor,,R,John Carlson,26,14,12,
Mason,202 Shelton 2,Governor,,R,John Carlson,27,11,16,
Mason,203 Shelton 3,Governor,,R,John Carlson,78,38,40,
Mason,204 Shelton 4,Governor,,R,John Carlson,45,21,24,
Mason,205 Shelton 5,Governor,,R,John Carlson,103,45,58,
Mason,206 Shelton 6,Governor,,R,John Carlson,32,13,19,
Mason,207 Shelton 7,Governor,,R,John Carlson,99,39,60,
Mason,208 Shelton 8,Governor,,R,John Carlson,58,22,36,
Mason,209 Shelton 9,Governor,,R,John Carlson,25,9,16,
Mason,210 Shelton 10,Governor,,R,John Carlson,45,23,22,
Mason,211 Shelton 11,Governor,,R,John Carlson,62,23,39,
Mason,212 Shelton 12,Governor,,R,John Carlson,33,19,14,
Mason,213 Shelton 13,Governor,,R,John Carlson,97,45,52,
Mason,214 Shelton 14,Governor,,R,John Carlson,58,28,30,
Mason,215 Shelton 15,Governor,,R,John Carlson,32,13,19,
Mason,216 Shelton 16,Governor,,R,John Carlson,235,135,100,
MASON WA,MASON WA,Governor,,R,John Carlson,14711,5238,9473,
Mason,101 Airport,Governor,,L,Steve LePage,5,2,3,
Mason,102 Allyn,Governor,,L,Steve LePage,10,5,5,
Mason,103 Arcadia,Governor,,L,Steve LePage,5,3,2,
Mason,307 Bayshore,Governor,,L,Steve LePage,10,5,5,
Mason,104 Belfair 1,Governor,,L,Steve LePage,14,12,2,
Mason,105 Belfair 2,Governor,,L,Steve LePage,12,7,5,
Mason,106 Belfair 3,Governor,,L,Steve LePage,15,12,3,
Mason,107 Belfair 4,Governor,,L,Steve LePage,20,10,10,
Mason,301 Belfair 5,Governor,,L,Steve LePage,9,1,8,
Mason,308 Belfair 6,Governor,,L,Steve LePage,9,6,3,
Mason,108 Capitol Hill,Governor,,L,Steve LePage,15,8,7,
Mason,109 Cloquallum,Governor,,L,Steve LePage,5,2,3,
Mason,305 Cushman,Governor,,L,Steve LePage,5,2,3,
Mason,110 Dayton,Governor,,L,Steve LePage,21,7,14,
Mason,302 Dewatto,Governor,,L,Steve LePage,10,7,3,
Mason,111 Eells,Governor,,L,Steve LePage,8,4,4,
Mason,112 Grapeview,Governor,,L,Steve LePage,14,6,8,
Mason,113 Harstene,Governor,,L,Steve LePage,17,7,10,
Mason,114 Hoodsport,Governor,,L,Steve LePage,5,2,3,
Mason,115 Isabella,Governor,,L,Steve LePage,7,5,2,
Mason,116 Kamilche,Governor,,L,Steve LePage,14,8,6,
Mason,117 Kamilche 2,Governor,,L,Steve LePage,10,4,6,
Mason,118 Lake,Governor,,L,Steve LePage,10,9,1,
Mason,309 Lakeland,Governor,,L,Steve LePage,9,1,8,
Mason,119 Lilliwaup,Governor,,L,Steve LePage,7,5,2,
Mason,120 Matlock,Governor,,L,Steve LePage,11,1,10,
Mason,121 Mill Creek,Governor,,L,Steve LePage,9,3,6,
Mason,122 Miller,Governor,,L,Steve LePage,15,7,8,
Mason,123 Mt View,Governor,,L,Steve LePage,12,5,7,
Mason,124 Northside,Governor,,L,Steve LePage,9,6,3,
Mason,303 Oakland,Governor,,L,Steve LePage,3,3,0,
Mason,125 Pickering,Governor,,L,Steve LePage,16,8,8,
Mason,126 Potlatch,Governor,,L,Steve LePage,3,3,0,
Mason,127 Satsop,Governor,,L,Steve LePage,4,0,4,
Mason,128 Skokomish,Governor,,L,Steve LePage,6,2,4,
Mason,304 Southside,Governor,,L,Steve LePage,22,8,14,
Mason,129 Tahuya,Governor,,L,Steve LePage,8,2,6,
Mason,306 Timberlake,Governor,,L,Steve LePage,15,9,6,
Mason,130 Union,Governor,,L,Steve LePage,18,10,8,
Mason,131 Victor,Governor,,L,Steve LePage,8,5,3,
Mason,132 Westside,Governor,,L,Steve LePage,2,1,1,
Mason,201 Shelton 1,Governor,,L,Steve LePage,3,0,3,
Mason,202 Shelton 2,Governor,,L,Steve LePage,3,0,3,
Mason,203 Shelton 3,Governor,,L,Steve LePage,3,1,2,
Mason,204 Shelton 4,Governor,,L,Steve LePage,4,2,2,
Mason,205 Shelton 5,Governor,,L,Steve LePage,10,5,5,
Mason,206 Shelton 6,Governor,,L,Steve LePage,4,3,1,
Mason,207 Shelton 7,Governor,,L,Steve LePage,5,2,3,
Mason,208 Shelton 8,Governor,,L,Steve LePage,6,2,4,
Mason,209 Shelton 9,Governor,,L,Steve LePage,3,0,3,
Mason,210 Shelton 10,Governor,,L,Steve LePage,6,0,6,
Mason,211 Shelton 11,Governor,,L,Steve LePage,6,3,3,
Mason,212 Shelton 12,Governor,,L,Steve LePage,1,1,0,
Mason,213 Shelton 13,Governor,,L,Steve LePage,6,1,5,
Mason,214 Shelton 14,Governor,,L,Steve LePage,1,0,1,
Mason,215 Shelton 15,Governor,,L,Steve LePage,3,2,1,
Mason,216 Shelton 16,Governor,,L,Steve LePage,6,2,4,
MASON WA,MASON WA,Governor,,L,Steve LePage,734,237,497,
Mason,101 Airport,Rep 35-1,35,D,Kathy Haigh,398,193,205,
Mason,102 Allyn,Rep 35-1,35,D,Kathy Haigh,280,196,84,
Mason,103 Arcadia,Rep 35-1,35,D,Kathy Haigh,214,121,93,
Mason,307 Bayshore,Rep 35-1,35,D,Kathy Haigh,290,150,140,
Mason,104 Belfair 1,Rep 35-1,35,D,Kathy Haigh,427,242,185,
Mason,105 Belfair 2,Rep 35-1,35,D,Kathy Haigh,226,115,111,
Mason,106 Belfair 3,Rep 35-1,35,D,Kathy Haigh,242,136,106,
Mason,107 Belfair 4,Rep 35-1,35,D,Kathy Haigh,378,203,175,
Mason,301 Belfair 5,Rep 35-1,35,D,Kathy Haigh,144,62,82,
Mason,308 Belfair 6,Rep 35-1,35,D,Kathy Haigh,163,92,71,
Mason,108 Capitol Hill,Rep 35-1,35,D,Kathy Haigh,255,140,115,
Mason,109 Cloquallum,Rep 35-1,35,D,Kathy Haigh,199,111,88,
Mason,305 Cushman,Rep 35-1,35,D,Kathy Haigh,416,260,156,
Mason,110 Dayton,Rep 35-1,35,D,Kathy Haigh,200,74,126,
Mason,302 Dewatto,Rep 35-1,35,D,Kathy Haigh,267,198,69,
Mason,111 Eells,Rep 35-1,35,D,Kathy Haigh,118,42,76,
Mason,112 Grapeview,Rep 35-1,35,D,Kathy Haigh,421,215,206,
Mason,113 Harstene,Rep 35-1,35,D,Kathy Haigh,386,184,202,
Mason,114 Hoodsport,Rep 35-1,35,D,Kathy Haigh,155,99,56,
Mason,115 Isabella,Rep 35-1,35,D,Kathy Haigh,264,145,119,
Mason,116 Kamilche,Rep 35-1,35,D,Kathy Haigh,432,228,204,
Mason,117 Kamilche 2,Rep 35-1,35,D,Kathy Haigh,496,270,226,
Mason,118 Lake,Rep 35-1,35,D,Kathy Haigh,349,235,114,
Mason,309 Lakeland,Rep 35-1,35,D,Kathy Haigh,226,125,101,
Mason,119 Lilliwaup,Rep 35-1,35,D,Kathy Haigh,227,157,70,
Mason,120 Matlock,Rep 35-1,35,D,Kathy Haigh,132,50,82,
Mason,121 Mill Creek,Rep 35-1,35,D,Kathy Haigh,266,127,139,
Mason,122 Miller,Rep 35-1,35,D,Kathy Haigh,340,184,156,
Mason,123 Mt View,Rep 35-1,35,D,Kathy Haigh,185,72,113,
Mason,124 Northside,Rep 35-1,35,D,Kathy Haigh,427,254,173,
Mason,303 Oakland,Rep 35-1,35,D,Kathy Haigh,106,47,59,
Mason,125 Pickering,Rep 35-1,35,D,Kathy Haigh,465,285,180,
Mason,126 Potlatch,Rep 35-1,35,D,Kathy Haigh,21,6,15,
Mason,127 Satsop,Rep 35-1,35,D,Kathy Haigh,88,47,41,
Mason,128 Skokomish,Rep 35-1,35,D,Kathy Haigh,157,53,104,
Mason,304 Southside,Rep 35-1,35,D,Kathy Haigh,450,167,283,
Mason,129 Tahuya,Rep 35-1,35,D,Kathy Haigh,241,157,84,
Mason,306 Timberlake,Rep 35-1,35,D,Kathy Haigh,318,193,125,
Mason,130 Union,Rep 35-1,35,D,Kathy Haigh,493,312,181,
Mason,131 Victor,Rep 35-1,35,D,Kathy Haigh,167,105,62,
Mason,132 Westside,Rep 35-1,35,D,Kathy Haigh,103,59,44,
Mason,201 Shelton 1,Rep 35-1,35,D,Kathy Haigh,42,19,23,
Mason,202 Shelton 2,Rep 35-1,35,D,Kathy Haigh,60,29,31,
Mason,203 Shelton 3,Rep 35-1,35,D,Kathy Haigh,97,32,65,
Mason,204 Shelton 4,Rep 35-1,35,D,Kathy Haigh,88,48,40,
Mason,205 Shelton 5,Rep 35-1,35,D,Kathy Haigh,152,63,89,
Mason,206 Shelton 6,Rep 35-1,35,D,Kathy Haigh,51,20,31,
Mason,207 Shelton 7,Rep 35-1,35,D,Kathy Haigh,150,51,99,
Mason,208 Shelton 8,Rep 35-1,35,D,Kathy Haigh,86,29,57,
Mason,209 Shelton 9,Rep 35-1,35,D,Kathy Haigh,62,19,43,
Mason,210 Shelton 10,Rep 35-1,35,D,Kathy Haigh,83,40,43,
Mason,211 Shelton 11,Rep 35-1,35,D,Kathy Haigh,125,54,71,
Mason,212 Shelton 12,Rep 35-1,35,D,Kathy Haigh,56,20,36,
Mason,213 Shelton 13,Rep 35-1,35,D,Kathy Haigh,187,84,103,
Mason,214 Shelton 14,Rep 35-1,35,D,Kathy Haigh,111,52,59,
Mason,215 Shelton 15,Rep 35-1,35,D,Kathy Haigh,68,28,40,
Mason,216 Shelton 16,Rep 35-1,35,D,Kathy Haigh,379,231,148,
MASON WA,MASON WA,Rep 35-1,35,D,Kathy Haigh,12929,6930,5999,
Mason,101 Airport,Rep 35-1,35,R,Frank Dare,193,84,109,
Mason,102 Allyn,Rep 35-1,35,R,Frank Dare,216,151,65,
Mason,103 Arcadia,Rep 35-1,35,R,Frank Dare,98,60,38,
Mason,307 Bayshore,Rep 35-1,35,R,Frank Dare,118,68,50,
Mason,104 Belfair 1,Rep 35-1,35,R,Frank Dare,290,177,113,
Mason,105 Belfair 2,Rep 35-1,35,R,Frank Dare,182,107,75,
Mason,106 Belfair 3,Rep 35-1,35,R,Frank Dare,154,83,71,
Mason,107 Belfair 4,Rep 35-1,35,R,Frank Dare,260,130,130,
Mason,301 Belfair 5,Rep 35-1,35,R,Frank Dare,138,58,80,
Mason,308 Belfair 6,Rep 35-1,35,R,Frank Dare,122,59,63,
Mason,108 Capitol Hill,Rep 35-1,35,R,Frank Dare,110,59,51,
Mason,109 Cloquallum,Rep 35-1,35,R,Frank Dare,116,51,65,
Mason,305 Cushman,Rep 35-1,35,R,Frank Dare,185,123,62,
Mason,110 Dayton,Rep 35-1,35,R,Frank Dare,118,49,69,
Mason,302 Dewatto,Rep 35-1,35,R,Frank Dare,144,114,30,
Mason,111 Eells,Rep 35-1,35,R,Frank Dare,87,47,40,
Mason,112 Grapeview,Rep 35-1,35,R,Frank Dare,276,145,131,
Mason,113 Harstene,Rep 35-1,35,R,Frank Dare,245,134,111,
Mason,114 Hoodsport,Rep 35-1,35,R,Frank Dare,116,57,59,
Mason,115 Isabella,Rep 35-1,35,R,Frank Dare,110,71,39,
Mason,116 Kamilche,Rep 35-1,35,R,Frank Dare,170,93,77,
Mason,117 Kamilche 2,Rep 35-1,35,R,Frank Dare,209,122,87,
Mason,118 Lake,Rep 35-1,35,R,Frank Dare,167,110,57,
Mason,309 Lakeland,Rep 35-1,35,R,Frank Dare,162,86,76,
Mason,119 Lilliwaup,Rep 35-1,35,R,Frank Dare,128,75,53,
Mason,120 Matlock,Rep 35-1,35,R,Frank Dare,74,30,44,
Mason,121 Mill Creek,Rep 35-1,35,R,Frank Dare,93,51,42,
Mason,122 Miller,Rep 35-1,35,R,Frank Dare,166,94,72,
Mason,123 Mt View,Rep 35-1,35,R,Frank Dare,93,35,58,
Mason,124 Northside,Rep 35-1,35,R,Frank Dare,198,106,92,
Mason,303 Oakland,Rep 35-1,35,R,Frank Dare,63,35,28,
Mason,125 Pickering,Rep 35-1,35,R,Frank Dare,232,129,103,
Mason,126 Potlatch,Rep 35-1,35,R,Frank Dare,20,16,4,
Mason,127 Satsop,Rep 35-1,35,R,Frank Dare,43,17,26,
Mason,128 Skokomish,Rep 35-1,35,R,Frank Dare,24,18,6,
Mason,304 Southside,Rep 35-1,35,R,Frank Dare,199,78,121,
Mason,129 Tahuya,Rep 35-1,35,R,Frank Dare,147,100,47,
Mason,306 Timberlake,Rep 35-1,35,R,Frank Dare,177,86,91,
Mason,130 Union,Rep 35-1,35,R,Frank Dare,294,192,102,
Mason,131 Victor,Rep 35-1,35,R,Frank Dare,83,58,25,
Mason,132 Westside,Rep 35-1,35,R,Frank Dare,79,36,43,
Mason,201 Shelton 1,Rep 35-1,35,R,Frank Dare,17,9,8,
Mason,202 Shelton 2,Rep 35-1,35,R,Frank Dare,23,10,13,
Mason,203 Shelton 3,Rep 35-1,35,R,Frank Dare,66,36,30,
Mason,204 Shelton 4,Rep 35-1,35,R,Frank Dare,31,14,17,
Mason,205 Shelton 5,Rep 35-1,35,R,Frank Dare,80,37,43,
Mason,206 Shelton 6,Rep 35-1,35,R,Frank Dare,26,8,18,
Mason,207 Shelton 7,Rep 35-1,35,R,Frank Dare,69,22,47,
Mason,208 Shelton 8,Rep 35-1,35,R,Frank Dare,41,17,24,
Mason,209 Shelton 9,Rep 35-1,35,R,Frank Dare,23,10,13,
Mason,210 Shelton 10,Rep 35-1,35,R,Frank Dare,28,13,15,
Mason,211 Shelton 11,Rep 35-1,35,R,Frank Dare,45,18,27,
Mason,212 Shelton 12,Rep 35-1,35,R,Frank Dare,22,15,7,
Mason,213 Shelton 13,Rep 35-1,35,R,Frank Dare,62,27,35,
Mason,214 Shelton 14,Rep 35-1,35,R,Frank Dare,50,22,28,
Mason,215 Shelton 15,Rep 35-1,35,R,Frank Dare,27,15,12,
Mason,216 Shelton 16,Rep 35-1,35,R,Frank Dare,178,110,68,
MASON WA,MASON WA,Rep 35-1,35,R,Frank Dare,6887,3777,3110,
Mason,101 Airport,Rep 35-1,35,L,Marti Lewis,30,15,15,
Mason,102 Allyn,Rep 35-1,35,L,Marti Lewis,22,15,7,
Mason,103 Arcadia,Rep 35-1,35,L,Marti Lewis,8,3,5,
Mason,307 Bayshore,Rep 35-1,35,L,Marti Lewis,23,13,10,
Mason,104 Belfair 1,Rep 35-1,35,L,Marti Lewis,33,22,11,
Mason,105 Belfair 2,Rep 35-1,35,L,Marti Lewis,25,11,14,
Mason,106 Belfair 3,Rep 35-1,35,L,Marti Lewis,31,24,7,
Mason,107 Belfair 4,Rep 35-1,35,L,Marti Lewis,32,18,14,
Mason,301 Belfair 5,Rep 35-1,35,L,Marti Lewis,14,6,8,
Mason,308 Belfair 6,Rep 35-1,35,L,Marti Lewis,26,17,9,
Mason,108 Capitol Hill,Rep 35-1,35,L,Marti Lewis,25,13,12,
Mason,109 Cloquallum,Rep 35-1,35,L,Marti Lewis,20,9,11,
Mason,305 Cushman,Rep 35-1,35,L,Marti Lewis,16,10,6,
Mason,110 Dayton,Rep 35-1,35,L,Marti Lewis,32,11,21,
Mason,302 Dewatto,Rep 35-1,35,L,Marti Lewis,32,17,15,
Mason,111 Eells,Rep 35-1,35,L,Marti Lewis,14,11,3,
Mason,112 Grapeview,Rep 35-1,35,L,Marti Lewis,34,19,15,
Mason,113 Harstene,Rep 35-1,35,L,Marti Lewis,21,12,9,
Mason,114 Hoodsport,Rep 35-1,35,L,Marti Lewis,15,6,9,
Mason,115 Isabella,Rep 35-1,35,L,Marti Lewis,25,13,12,
Mason,116 Kamilche,Rep 35-1,35,L,Marti Lewis,30,10,20,
Mason,117 Kamilche 2,Rep 35-1,35,L,Marti Lewis,17,9,8,
Mason,118 Lake,Rep 35-1,35,L,Marti Lewis,26,17,9,
Mason,309 Lakeland,Rep 35-1,35,L,Marti Lewis,11,1,10,
Mason,119 Lilliwaup,Rep 35-1,35,L,Marti Lewis,13,9,4,
Mason,120 Matlock,Rep 35-1,35,L,Marti Lewis,17,6,11,
Mason,121 Mill Creek,Rep 35-1,35,L,Marti Lewis,11,6,5,
Mason,122 Miller,Rep 35-1,35,L,Marti Lewis,32,11,21,
Mason,123 Mt View,Rep 35-1,35,L,Marti Lewis,15,8,7,
Mason,124 Northside,Rep 35-1,35,L,Marti Lewis,22,14,8,
Mason,303 Oakland,Rep 35-1,35,L,Marti Lewis,8,6,2,
Mason,125 Pickering,Rep 35-1,35,L,Marti Lewis,31,17,14,
Mason,126 Potlatch,Rep 35-1,35,L,Marti Lewis,1,1,0,
Mason,127 Satsop,Rep 35-1,35,L,Marti Lewis,11,3,8,
Mason,128 Skokomish,Rep 35-1,35,L,Marti Lewis,10,2,8,
Mason,304 Southside,Rep 35-1,35,L,Marti Lewis,25,10,15,
Mason,129 Tahuya,Rep 35-1,35,L,Marti Lewis,14,7,7,
Mason,306 Timberlake,Rep 35-1,35,L,Marti Lewis,27,12,15,
Mason,130 Union,Rep 35-1,35,L,Marti Lewis,30,19,11,
Mason,131 Victor,Rep 35-1,35,L,Marti Lewis,8,4,4,
Mason,132 Westside,Rep 35-1,35,L,Marti Lewis,9,6,3,
Mason,201 Shelton 1,Rep 35-1,35,L,Marti Lewis,6,3,3,
Mason,202 Shelton 2,Rep 35-1,35,L,Marti Lewis,2,0,2,
Mason,203 Shelton 3,Rep 35-1,35,L,Marti Lewis,7,3,4,
Mason,204 Shelton 4,Rep 35-1,35,L,Marti Lewis,6,4,2,
Mason,205 Shelton 5,Rep 35-1,35,L,Marti Lewis,10,2,8,
Mason,206 Shelton 6,Rep 35-1,35,L,Marti Lewis,7,4,3,
Mason,207 Shelton 7,Rep 35-1,35,L,Marti Lewis,9,4,5,
Mason,208 Shelton 8,Rep 35-1,35,L,Marti Lewis,13,4,9,
Mason,209 Shelton 9,Rep 35-1,35,L,Marti Lewis,4,1,3,
Mason,210 Shelton 10,Rep 35-1,35,L,Marti Lewis,9,1,8,
Mason,211 Shelton 11,Rep 35-1,35,L,Marti Lewis,7,4,3,
Mason,212 Shelton 12,Rep 35-1,35,L,Marti Lewis,1,1,0,
Mason,213 Shelton 13,Rep 35-1,35,L,Marti Lewis,14,3,11,
Mason,214 Shelton 14,Rep 35-1,35,L,Marti Lewis,6,3,3,
Mason,215 Shelton 15,Rep 35-1,35,L,Marti Lewis,5,3,2,
Mason,216 Shelton 16,Rep 35-1,35,L,Marti Lewis,17,7,10,
MASON WA,MASON WA,Rep 35-1,35,L,Marti Lewis,969,490,479,
Mason,101 Airport,Rep 35-2,35,D,William Eickmeyer,340,171,169,
Mason,102 Allyn,Rep 35-2,35,D,William Eickmeyer,271,188,83,
Mason,103 Arcadia,Rep 35-2,35,D,William Eickmeyer,170,96,74,
Mason,307 Bayshore,Rep 35-2,35,D,William Eickmeyer,257,136,121,
Mason,104 Belfair 1,Rep 35-2,35,D,William Eickmeyer,439,252,187,
Mason,105 Belfair 2,Rep 35-2,35,D,William Eickmeyer,236,131,105,
Mason,106 Belfair 3,Rep 35-2,35,D,William Eickmeyer,251,139,112,
Mason,107 Belfair 4,Rep 35-2,35,D,William Eickmeyer,425,219,206,
Mason,301 Belfair 5,Rep 35-2,35,D,William Eickmeyer,154,68,86,
Mason,308 Belfair 6,Rep 35-2,35,D,William Eickmeyer,173,96,77,
Mason,108 Capitol Hill,Rep 35-2,35,D,William Eickmeyer,210,114,96,
Mason,109 Cloquallum,Rep 35-2,35,D,William Eickmeyer,178,96,82,
Mason,305 Cushman,Rep 35-2,35,D,William Eickmeyer,360,239,121,
Mason,110 Dayton,Rep 35-2,35,D,William Eickmeyer,186,71,115,
Mason,302 Dewatto,Rep 35-2,35,D,William Eickmeyer,286,212,74,
Mason,111 Eells,Rep 35-2,35,D,William Eickmeyer,110,42,68,
Mason,112 Grapeview,Rep 35-2,35,D,William Eickmeyer,402,210,192,
Mason,113 Harstene,Rep 35-2,35,D,William Eickmeyer,332,170,162,
Mason,114 Hoodsport,Rep 35-2,35,D,William Eickmeyer,144,94,50,
Mason,115 Isabella,Rep 35-2,35,D,William Eickmeyer,215,120,95,
Mason,116 Kamilche,Rep 35-2,35,D,William Eickmeyer,369,196,173,
Mason,117 Kamilche 2,Rep 35-2,35,D,William Eickmeyer,412,232,180,
Mason,118 Lake,Rep 35-2,35,D,William Eickmeyer,328,217,111,
Mason,309 Lakeland,Rep 35-2,35,D,William Eickmeyer,221,124,97,
Mason,119 Lilliwaup,Rep 35-2,35,D,William Eickmeyer,181,126,55,
Mason,120 Matlock,Rep 35-2,35,D,William Eickmeyer,109,45,64,
Mason,121 Mill Creek,Rep 35-2,35,D,William Eickmeyer,222,110,112,
Mason,122 Miller,Rep 35-2,35,D,William Eickmeyer,271,151,120,
Mason,123 Mt View,Rep 35-2,35,D,William Eickmeyer,157,59,98,
Mason,124 Northside,Rep 35-2,35,D,William Eickmeyer,361,215,146,
Mason,303 Oakland,Rep 35-2,35,D,William Eickmeyer,88,45,43,
Mason,125 Pickering,Rep 35-2,35,D,William Eickmeyer,397,241,156,
Mason,126 Potlatch,Rep 35-2,35,D,William Eickmeyer,19,6,13,
Mason,127 Satsop,Rep 35-2,35,D,William Eickmeyer,82,40,42,
Mason,128 Skokomish,Rep 35-2,35,D,William Eickmeyer,140,51,89,
Mason,304 Southside,Rep 35-2,35,D,William Eickmeyer,342,141,201,
Mason,129 Tahuya,Rep 35-2,35,D,William Eickmeyer,235,154,81,
Mason,306 Timberlake,Rep 35-2,35,D,William Eickmeyer,300,179,121,
Mason,130 Union,Rep 35-2,35,D,William Eickmeyer,428,268,160,
Mason,131 Victor,Rep 35-2,35,D,William Eickmeyer,152,96,56,
Mason,132 Westside,Rep 35-2,35,D,William Eickmeyer,81,46,35,
Mason,201 Shelton 1,Rep 35-2,35,D,William Eickmeyer,38,18,20,
Mason,202 Shelton 2,Rep 35-2,35,D,William Eickmeyer,42,21,21,
Mason,203 Shelton 3,Rep 35-2,35,D,William Eickmeyer,83,26,57,
Mason,204 Shelton 4,Rep 35-2,35,D,William Eickmeyer,80,45,35,
Mason,205 Shelton 5,Rep 35-2,35,D,William Eickmeyer,132,50,82,
Mason,206 Shelton 6,Rep 35-2,35,D,William Eickmeyer,43,16,27,
Mason,207 Shelton 7,Rep 35-2,35,D,William Eickmeyer,125,44,81,
Mason,208 Shelton 8,Rep 35-2,35,D,William Eickmeyer,70,26,44,
Mason,209 Shelton 9,Rep 35-2,35,D,William Eickmeyer,60,16,44,
Mason,210 Shelton 10,Rep 35-2,35,D,William Eickmeyer,76,35,41,
Mason,211 Shelton 11,Rep 35-2,35,D,William Eickmeyer,106,47,59,
Mason,212 Shelton 12,Rep 35-2,35,D,William Eickmeyer,47,15,32,
Mason,213 Shelton 13,Rep 35-2,35,D,William Eickmeyer,158,70,88,
Mason,214 Shelton 14,Rep 35-2,35,D,William Eickmeyer,92,44,48,
Mason,215 Shelton 15,Rep 35-2,35,D,William Eickmeyer,68,29,39,
Mason,216 Shelton 16,Rep 35-2,35,D,William Eickmeyer,328,208,120,
MASON WA,MASON WA,Rep 35-2,35,D,William Eickmeyer,11582,6316,5266,
Mason,101 Airport,Rep 35-2,35,R,Edward Mitchell,217,88,129,
Mason,102 Allyn,Rep 35-2,35,R,Edward Mitchell,217,152,65,
Mason,103 Arcadia,Rep 35-2,35,R,Edward Mitchell,104,62,42,
Mason,307 Bayshore,Rep 35-2,35,R,Edward Mitchell,129,66,63,
Mason,104 Belfair 1,Rep 35-2,35,R,Edward Mitchell,287,176,111,
Mason,105 Belfair 2,Rep 35-2,35,R,Edward Mitchell,168,93,75,
Mason,106 Belfair 3,Rep 35-2,35,R,Edward Mitchell,161,87,74,
Mason,107 Belfair 4,Rep 35-2,35,R,Edward Mitchell,224,115,109,
Mason,301 Belfair 5,Rep 35-2,35,R,Edward Mitchell,116,46,70,
Mason,308 Belfair 6,Rep 35-2,35,R,Edward Mitchell,111,57,54,
Mason,108 Capitol Hill,Rep 35-2,35,R,Edward Mitchell,119,65,54,
Mason,109 Cloquallum,Rep 35-2,35,R,Edward Mitchell,115,49,66,
Mason,305 Cushman,Rep 35-2,35,R,Edward Mitchell,193,123,70,
Mason,110 Dayton,Rep 35-2,35,R,Edward Mitchell,114,44,70,
Mason,302 Dewatto,Rep 35-2,35,R,Edward Mitchell,129,98,31,
Mason,111 Eells,Rep 35-2,35,R,Edward Mitchell,80,43,37,
Mason,112 Grapeview,Rep 35-2,35,R,Edward Mitchell,265,134,131,
Mason,113 Harstene,Rep 35-2,35,R,Edward Mitchell,256,131,125,
Mason,114 Hoodsport,Rep 35-2,35,R,Edward Mitchell,121,59,62,
Mason,115 Isabella,Rep 35-2,35,R,Edward Mitchell,133,81,52,
Mason,116 Kamilche,Rep 35-2,35,R,Edward Mitchell,201,102,99,
Mason,117 Kamilche 2,Rep 35-2,35,R,Edward Mitchell,230,130,100,
Mason,118 Lake,Rep 35-2,35,R,Edward Mitchell,171,120,51,
Mason,309 Lakeland,Rep 35-2,35,R,Edward Mitchell,159,80,79,
Mason,119 Lilliwaup,Rep 35-2,35,R,Edward Mitchell,132,78,54,
Mason,120 Matlock,Rep 35-2,35,R,Edward Mitchell,86,36,50,
Mason,121 Mill Creek,Rep 35-2,35,R,Edward Mitchell,105,52,53,
Mason,122 Miller,Rep 35-2,35,R,Edward Mitchell,195,110,85,
Mason,123 Mt View,Rep 35-2,35,R,Edward Mitchell,91,36,55,
Mason,124 Northside,Rep 35-2,35,R,Edward Mitchell,219,122,97,
Mason,303 Oakland,Rep 35-2,35,R,Edward Mitchell,76,40,36,
Mason,125 Pickering,Rep 35-2,35,R,Edward Mitchell,265,140,125,
Mason,126 Potlatch,Rep 35-2,35,R,Edward Mitchell,20,16,4,
Mason,127 Satsop,Rep 35-2,35,R,Edward Mitchell,43,18,25,
Mason,128 Skokomish,Rep 35-2,35,R,Edward Mitchell,26,14,12,
Mason,304 Southside,Rep 35-2,35,R,Edward Mitchell,244,89,155,
Mason,129 Tahuya,Rep 35-2,35,R,Edward Mitchell,155,108,47,
Mason,306 Timberlake,Rep 35-2,35,R,Edward Mitchell,169,82,87,
Mason,130 Union,Rep 35-2,35,R,Edward Mitchell,296,201,95,
Mason,131 Victor,Rep 35-2,35,R,Edward Mitchell,92,62,30,
Mason,132 Westside,Rep 35-2,35,R,Edward Mitchell,72,32,40,
Mason,201 Shelton 1,Rep 35-2,35,R,Edward Mitchell,16,8,8,
Mason,202 Shelton 2,Rep 35-2,35,R,Edward Mitchell,29,11,18,
Mason,203 Shelton 3,Rep 35-2,35,R,Edward Mitchell,67,36,31,
Mason,204 Shelton 4,Rep 35-2,35,R,Edward Mitchell,32,16,16,
Mason,205 Shelton 5,Rep 35-2,35,R,Edward Mitchell,81,37,44,
Mason,206 Shelton 6,Rep 35-2,35,R,Edward Mitchell,25,7,18,
Mason,207 Shelton 7,Rep 35-2,35,R,Edward Mitchell,78,25,53,
Mason,208 Shelton 8,Rep 35-2,35,R,Edward Mitchell,53,18,35,
Mason,209 Shelton 9,Rep 35-2,35,R,Edward Mitchell,19,10,9,
Mason,210 Shelton 10,Rep 35-2,35,R,Edward Mitchell,29,14,15,
Mason,211 Shelton 11,Rep 35-2,35,R,Edward Mitchell,46,19,27,
Mason,212 Shelton 12,Rep 35-2,35,R,Edward Mitchell,23,17,6,
Mason,213 Shelton 13,Rep 35-2,35,R,Edward Mitchell,66,33,33,
Mason,214 Shelton 14,Rep 35-2,35,R,Edward Mitchell,52,23,29,
Mason,215 Shelton 15,Rep 35-2,35,R,Edward Mitchell,22,13,9,
Mason,216 Shelton 16,Rep 35-2,35,R,Edward Mitchell,185,105,80,
MASON WA,MASON WA,Rep 35-2,35,R,Edward Mitchell,7129,3829,3300,
Mason,101 Airport,Rep 35-2,35,L,Ron Ralstin,22,12,10,
Mason,102 Allyn,Rep 35-2,35,L,Ron Ralstin,15,8,7,
Mason,103 Arcadia,Rep 35-2,35,L,Ron Ralstin,12,7,5,
Mason,307 Bayshore,Rep 35-2,35,L,Ron Ralstin,21,13,8,
Mason,104 Belfair 1,Rep 35-2,35,L,Ron Ralstin,25,16,9,
Mason,105 Belfair 2,Rep 35-2,35,L,Ron Ralstin,20,10,10,
Mason,106 Belfair 3,Rep 35-2,35,L,Ron Ralstin,21,17,4,
Mason,107 Belfair 4,Rep 35-2,35,L,Ron Ralstin,25,12,13,
Mason,301 Belfair 5,Rep 35-2,35,L,Ron Ralstin,16,8,8,
Mason,308 Belfair 6,Rep 35-2,35,L,Ron Ralstin,12,6,6,
Mason,108 Capitol Hill,Rep 35-2,35,L,Ron Ralstin,25,13,12,
Mason,109 Cloquallum,Rep 35-2,35,L,Ron Ralstin,26,14,12,
Mason,305 Cushman,Rep 35-2,35,L,Ron Ralstin,16,6,10,
Mason,110 Dayton,Rep 35-2,35,L,Ron Ralstin,30,11,19,
Mason,302 Dewatto,Rep 35-2,35,L,Ron Ralstin,28,15,13,
Mason,111 Eells,Rep 35-2,35,L,Ron Ralstin,12,9,3,
Mason,112 Grapeview,Rep 35-2,35,L,Ron Ralstin,44,26,18,
Mason,113 Harstene,Rep 35-2,35,L,Ron Ralstin,29,14,15,
Mason,114 Hoodsport,Rep 35-2,35,L,Ron Ralstin,9,4,5,
Mason,115 Isabella,Rep 35-2,35,L,Ron Ralstin,24,15,9,
Mason,116 Kamilche,Rep 35-2,35,L,Ron Ralstin,24,9,15,
Mason,117 Kamilche 2,Rep 35-2,35,L,Ron Ralstin,26,13,13,
Mason,118 Lake,Rep 35-2,35,L,Ron Ralstin,18,11,7,
Mason,309 Lakeland,Rep 35-2,35,L,Ron Ralstin,12,4,8,
Mason,119 Lilliwaup,Rep 35-2,35,L,Ron Ralstin,12,9,3,
Mason,120 Matlock,Rep 35-2,35,L,Ron Ralstin,19,5,14,
Mason,121 Mill Creek,Rep 35-2,35,L,Ron Ralstin,13,6,7,
Mason,122 Miller,Rep 35-2,35,L,Ron Ralstin,29,9,20,
Mason,123 Mt View,Rep 35-2,35,L,Ron Ralstin,16,6,10,
Mason,124 Northside,Rep 35-2,35,L,Ron Ralstin,24,17,7,
Mason,303 Oakland,Rep 35-2,35,L,Ron Ralstin,7,5,2,
Mason,125 Pickering,Rep 35-2,35,L,Ron Ralstin,32,17,15,
Mason,126 Potlatch,Rep 35-2,35,L,Ron Ralstin,0,0,0,
Mason,127 Satsop,Rep 35-2,35,L,Ron Ralstin,7,1,6,
Mason,128 Skokomish,Rep 35-2,35,L,Ron Ralstin,6,2,4,
Mason,304 Southside,Rep 35-2,35,L,Ron Ralstin,32,12,20,
Mason,129 Tahuya,Rep 35-2,35,L,Ron Ralstin,15,8,7,
Mason,306 Timberlake,Rep 35-2,35,L,Ron Ralstin,30,16,14,
Mason,130 Union,Rep 35-2,35,L,Ron Ralstin,39,24,15,
Mason,131 Victor,Rep 35-2,35,L,Ron Ralstin,11,7,4,
Mason,132 Westside,Rep 35-2,35,L,Ron Ralstin,20,11,9,
Mason,201 Shelton 1,Rep 35-2,35,L,Ron Ralstin,7,3,4,
Mason,202 Shelton 2,Rep 35-2,35,L,Ron Ralstin,2,0,2,
Mason,203 Shelton 3,Rep 35-2,35,L,Ron Ralstin,7,2,5,
Mason,204 Shelton 4,Rep 35-2,35,L,Ron Ralstin,10,5,5,
Mason,205 Shelton 5,Rep 35-2,35,L,Ron Ralstin,11,2,9,
Mason,206 Shelton 6,Rep 35-2,35,L,Ron Ralstin,11,5,6,
Mason,207 Shelton 7,Rep 35-2,35,L,Ron Ralstin,11,4,7,
Mason,208 Shelton 8,Rep 35-2,35,L,Ron Ralstin,11,5,6,
Mason,209 Shelton 9,Rep 35-2,35,L,Ron Ralstin,5,0,5,
Mason,210 Shelton 10,Rep 35-2,35,L,Ron Ralstin,11,3,8,
Mason,211 Shelton 11,Rep 35-2,35,L,Ron Ralstin,11,5,6,
Mason,212 Shelton 12,Rep 35-2,35,L,Ron Ralstin,3,1,2,
Mason,213 Shelton 13,Rep 35-2,35,L,Ron Ralstin,15,5,10,
Mason,214 Shelton 14,Rep 35-2,35,L,Ron Ralstin,8,4,4,
Mason,215 Shelton 15,Rep 35-2,35,L,Ron Ralstin,6,3,3,
Mason,216 Shelton 16,Rep 35-2,35,L,Ron Ralstin,14,5,9,
MASON WA,MASON WA,Rep 35-2,35,L,Ron Ralstin,967,480,487,
