Number,Precinct Name,Office,District,Party,Candidate,Ballots,Poll,Absentee
Franklin,01 Pasco,,,,,780,,
Franklin,02 Pasco,,,,,386,,
Franklin,03 Pasco,,,,,522,,
Franklin,04 Pasco,,,,,360,,
Franklin,05 Pasco,,,,,255,,
Franklin,06 Pasco,,,,,395,,
Franklin,07 Pasco,,,,,298,,
Franklin,08 Pasco,,,,,200,,
Franklin,09 Pasco,,,,,133,,
Franklin,10 Pasco,,,,,528,,
Franklin,11 Pasco,,,,,671,,
Franklin,12 Pasco,,,,,761,,
Franklin,13 Pasco,,,,,277,,
Franklin,14 Pasco,,,,,437,,
Franklin,15 Pasco,,,,,206,,
Franklin,16 Pasco,,,,,80,,
Franklin,17 Pasco,,,,,178,,
Franklin,18 Pasco,,,,,120,,
Franklin,19 Pasco,,,,,157,,
Franklin,20 Pasco,,,,,136,,
Franklin,21 Pasco,,,,,136,,
Franklin,22 Pasco,,,,,236,,
Franklin,23 Pasco,,,,,581,,
Franklin,24 Pasco,,,,,687,,
Franklin,25 Pasco,,,,,121,,
Franklin,26 Pasco,,,,,145,,
Franklin,27 Pasco,,,,,111,,
Franklin,28 Pasco,,,,,125,,
Franklin,29 Pasco,,,,,358,,
Franklin,30 Pasco,,,,,94,,
Franklin,31 Pasco,,,,,647,,
Franklin,32 Pasco,,,,,636,,
Franklin,33 Pasco,,,,,484,,
Franklin,34,,,,,16,,
Franklin,35,,,,,84,,
Franklin,36,,,,,207,,
Franklin,37,,,,,236,,
Franklin,38,,,,,76,,
Franklin,39,,,,,152,,
Franklin,40,,,,,264,,
Franklin,41,,,,,494,,
Franklin,42,,,,,327,,
Franklin,43,,,,,207,,
Franklin,44,,,,,149,,
Franklin,45,,,,,142,,
Franklin,46,,,,,244,,
Franklin,47,,,,,289,,
Franklin,48,,,,,276,,
Franklin,49,,,,,65,,
Franklin,50,,,,,109,,
Franklin,51,,,,,136,,
Franklin,52,,,,,150,,
Franklin,53,,,,,149,,
Franklin,54,,,,,310,,
Franklin,55,,,,,108,,
Franklin,56,,,,,171,,
Franklin,57,,,,,127,,
Franklin,58,,,,,170,,
Franklin,59,,,,,106,,
Franklin,60,,,,,78,,
Franklin,61,,,,,132,,
Franklin,62,,,,,106,,
Franklin,63,,,,,171,,
Franklin,64,,,,,297,,
Franklin,65,,,,,43,,
Franklin,66,,,,,253,,
Franklin,67,,,,,276,,
Franklin,68,,,,,98,,
Franklin,69,,,,,167,,
Franklin,70,,,,,85,,
Franklin,71,,,,,101,,
Franklin,72,,,,,128,,
Franklin,73,,,,,221,,
FRANKLIN WA,FRANKLIN WA,,,,,18161,,
Number,Precinct Name,Office,District,Party,Candidate,Ballots,Poll,Absentee
Franklin,01 Pasco,,,,,218,29,189
Franklin,02 Pasco,,,,,118,11,107
Franklin,03 Pasco,,,,,147,49,98
Franklin,04 Pasco,,,,,158,58,100
Franklin,05 Pasco,,,,,115,50,65
Franklin,06 Pasco,,,,,160,22,138
Franklin,07 Pasco,,,,,105,26,79
Franklin,08 Pasco,,,,,174,174,0
Franklin,09 Pasco,,,,,70,70,0
Franklin,10 Pasco,,,,,242,85,157
Franklin,11 Pasco,,,,,319,126,193
Franklin,12 Pasco,,,,,297,136,161
Franklin,13 Pasco,,,,,132,132,0
Franklin,14 Pasco,,,,,239,105,134
Franklin,15 Pasco,,,,,135,135,
Franklin,16 Pasco,,,,,59,59,
Franklin,17 Pasco,,,,,135,135,
Franklin,18 Pasco,,,,,86,86,
Franklin,19 Pasco,,,,,111,111,
Franklin,20 Pasco,,,,,87,87,
Franklin,21 Pasco,,,,,88,88,
Franklin,22 Pasco,,,,,148,148,
Franklin,23 Pasco,,,,,333,127,206
Franklin,24 Pasco,,,,,444,158,286
Franklin,25 Pasco,,,,,96,96,
Franklin,26 Pasco,,,,,118,118,
Franklin,27 Pasco,,,,,93,93,
Franklin,28 Pasco,,,,,96,96,
Franklin,29 Pasco,,,,,229,41,188
Franklin,30 Pasco,,,,,69,4,65
Franklin,31 Pasco,,,,,364,43,321
Franklin,32 Pasco,,,,,377,172,205
Franklin,33 Pasco,,,,,285,120,165
Franklin,34,,,,,14,14,0
Franklin,35,,,,,70,70,0
Franklin,36,,,,,169,169,0
Franklin,37,,,,,193,193,0
Franklin,38,,,,,50,12,38
Franklin,39,,,,,90,29,61
Franklin,40,,,,,171,70,101
Franklin,41,,,,,275,125,150
Franklin,42,,,,,208,81,127
Franklin,43,,,,,114,37,77
Franklin,44,,,,,121,121,
Franklin,45,,,,,108,108,
Franklin,46,,,,,146,146,
Franklin,47,,,,,178,178,
Franklin,48,,,,,186,186,
Franklin,49,,,,,47,47,
Franklin,50,,,,,77,77,
Franklin,51,,,,,82,82,
Franklin,52,,,,,103,103,
Franklin,53,,,,,109,109,
Franklin,54,,,,,208,208,
Franklin,55,,,,,75,75,
Franklin,56,,,,,111,111,
Franklin,57,,,,,63,63,
Franklin,58,,,,,104,104,
Franklin,59,,,,,65,65,
Franklin,60,,,,,41,41,
Franklin,61,,,,,88,88,
Franklin,62,,,,,63,63,
Franklin,63,,,,,104,104,
Franklin,64,,,,,134,80,54
Franklin,65,,,,,14,5,9
Franklin,66,,,,,130,65,65
Franklin,67,,,,,149,84,65
Franklin,68,,,,,65,65,
Franklin,69,,,,,120,120,
Franklin,70,,,,,52,52,
Franklin,71,,,,,67,67,
Franklin,72,,,,,87,87,
Franklin,73,,,,,130,130,
FRANKLIN WA,FRANKLIN WA,,,,,10228,6624,3604
Number,Precinct Name,Office,District,Party,Candidate,Ballots,Poll,Absentee
Franklin,01 Pasco,Congress 4,CD4,D,Craig Mason,105,15,90
Franklin,02 Pasco,Congress 4,CD4,D,Craig Mason,68,7,61
Franklin,03 Pasco,Congress 4,CD4,D,Craig Mason,69,17,52
Franklin,04 Pasco,Congress 4,CD4,D,Craig Mason,77,25,52
Franklin,05 Pasco,Congress 4,CD4,D,Craig Mason,43,22,21
Franklin,06 Pasco,Congress 4,CD4,D,Craig Mason,84,13,71
Franklin,07 Pasco,Congress 4,CD4,D,Craig Mason,52,12,40
Franklin,08 Pasco,Congress 4,CD4,D,Craig Mason,51,51,
Franklin,09 Pasco,Congress 4,CD4,D,Craig Mason,32,32,
Franklin,10 Pasco,Congress 4,CD4,D,Craig Mason,101,36,65
Franklin,11 Pasco,Congress 4,CD4,D,Craig Mason,133,60,73
Franklin,12 Pasco,Congress 4,CD4,D,Craig Mason,138,62,76
Franklin,13 Pasco,Congress 4,CD4,D,Craig Mason,47,47,
Franklin,14 Pasco,Congress 4,CD4,D,Craig Mason,87,28,59
Franklin,15 Pasco,Congress 4,CD4,D,Craig Mason,63,63,
Franklin,16 Pasco,Congress 4,CD4,D,Craig Mason,25,25,
Franklin,17 Pasco,Congress 4,CD4,D,Craig Mason,51,51,
Franklin,18 Pasco,Congress 4,CD4,D,Craig Mason,19,19,
Franklin,19 Pasco,Congress 4,CD4,D,Craig Mason,45,45,
Franklin,20 Pasco,Congress 4,CD4,D,Craig Mason,39,39,
Franklin,21 Pasco,Congress 4,CD4,D,Craig Mason,32,32,
Franklin,22 Pasco,Congress 4,CD4,D,Craig Mason,48,48,
Franklin,23 Pasco,Congress 4,CD4,D,Craig Mason,91,34,57
Franklin,24 Pasco,Congress 4,CD4,D,Craig Mason,130,50,80
Franklin,25 Pasco,Congress 4,CD4,D,Craig Mason,30,30,
Franklin,26 Pasco,Congress 4,CD4,D,Craig Mason,12,12,
Franklin,27 Pasco,Congress 4,CD4,D,Craig Mason,23,23,
Franklin,28 Pasco,Congress 4,CD4,D,Craig Mason,26,26,
Franklin,29 Pasco,Congress 4,CD4,D,Craig Mason,60,13,47
Franklin,30 Pasco,Congress 4,CD4,D,Craig Mason,24,0,24
Franklin,31 Pasco,Congress 4,CD4,D,Craig Mason,88,9,79
Franklin,32 Pasco,Congress 4,CD4,D,Craig Mason,121,43,78
Franklin,33 Pasco,Congress 4,CD4,D,Craig Mason,75,36,39
Franklin,34,Congress 4,CD4,D,Craig Mason,1,1,
Franklin,35,Congress 4,CD4,D,Craig Mason,24,24,
Franklin,36,Congress 4,CD4,D,Craig Mason,37,37,
Franklin,37,Congress 4,CD4,D,Craig Mason,51,51,
Franklin,38,Congress 4,CD4,D,Craig Mason,12,3,9
Franklin,39,Congress 4,CD4,D,Craig Mason,22,4,18
Franklin,40,Congress 4,CD4,D,Craig Mason,49,24,25
Franklin,41,Congress 4,CD4,D,Craig Mason,75,29,46
Franklin,42,Congress 4,CD4,D,Craig Mason,61,18,43
Franklin,43,Congress 4,CD4,D,Craig Mason,36,12,24
Franklin,44,Congress 4,CD4,D,Craig Mason,15,15,
Franklin,45,Congress 4,CD4,D,Craig Mason,30,30,
Franklin,46,Congress 4,CD4,D,Craig Mason,35,35,
Franklin,47,Congress 4,CD4,D,Craig Mason,47,47,
Franklin,48,Congress 4,CD4,D,Craig Mason,20,20,
Franklin,49,Congress 4,CD4,D,Craig Mason,7,7,
Franklin,50,Congress 4,CD4,D,Craig Mason,9,9,
Franklin,51,Congress 4,CD4,D,Craig Mason,7,7,
Franklin,52,Congress 4,CD4,D,Craig Mason,7,7,
Franklin,53,Congress 4,CD4,D,Craig Mason,7,7,
Franklin,54,Congress 4,CD4,D,Craig Mason,41,41,
Franklin,55,Congress 4,CD4,D,Craig Mason,4,4,
Franklin,56,Congress 4,CD4,D,Craig Mason,18,18,
Franklin,57,Congress 4,CD4,D,Craig Mason,9,9,
Franklin,58,Congress 4,CD4,D,Craig Mason,19,19,
Franklin,59,Congress 4,CD4,D,Craig Mason,10,10,
Franklin,60,Congress 4,CD4,D,Craig Mason,15,15,
Franklin,61,Congress 4,CD4,D,Craig Mason,9,9,
Franklin,62,Congress 4,CD4,D,Craig Mason,31,31,
Franklin,63,Congress 4,CD4,D,Craig Mason,13,13,
Franklin,64,Congress 4,CD4,D,Craig Mason,37,28,9
Franklin,65,Congress 4,CD4,D,Craig Mason,3,1,2
Franklin,66,Congress 4,CD4,D,Craig Mason,31,12,19
Franklin,67,Congress 4,CD4,D,Craig Mason,48,24,24
Franklin,68,Congress 4,CD4,D,Craig Mason,11,11,
Franklin,69,Congress 4,CD4,D,Craig Mason,8,8,
Franklin,70,Congress 4,CD4,D,Craig Mason,26,26,
Franklin,71,Congress 4,CD4,D,Craig Mason,8,8,
Franklin,72,Congress 4,CD4,D,Craig Mason,14,14,
Franklin,73,Congress 4,CD4,D,Craig Mason,23,23,
FRANKLIN WA,FRANKLIN WA,Congress 4,CD4,D,Craig Mason,3019,1736,1283
Franklin,01 Pasco,Congress 4,CD4,R,Doc Hastings,94,14,80
Franklin,02 Pasco,Congress 4,CD4,R,Doc Hastings,41,4,37
Franklin,03 Pasco,Congress 4,CD4,R,Doc Hastings,72,30,42
Franklin,04 Pasco,Congress 4,CD4,R,Doc Hastings,75,31,44
Franklin,05 Pasco,Congress 4,CD4,R,Doc Hastings,67,27,40
Franklin,06 Pasco,Congress 4,CD4,R,Doc Hastings,68,9,59
Franklin,07 Pasco,Congress 4,CD4,R,Doc Hastings,49,14,35
Franklin,08 Pasco,Congress 4,CD4,R,Doc Hastings,117,117,
Franklin,09 Pasco,Congress 4,CD4,R,Doc Hastings,39,39,
Franklin,10 Pasco,Congress 4,CD4,R,Doc Hastings,127,45,82
Franklin,11 Pasco,Congress 4,CD4,R,Doc Hastings,176,61,115
Franklin,12 Pasco,Congress 4,CD4,R,Doc Hastings,144,66,78
Franklin,13 Pasco,Congress 4,CD4,R,Doc Hastings,82,82,
Franklin,14 Pasco,Congress 4,CD4,R,Doc Hastings,144,74,70
Franklin,15 Pasco,Congress 4,CD4,R,Doc Hastings,63,63,
Franklin,16 Pasco,Congress 4,CD4,R,Doc Hastings,29,29,
Franklin,17 Pasco,Congress 4,CD4,R,Doc Hastings,77,77,
Franklin,18 Pasco,Congress 4,CD4,R,Doc Hastings,64,64,
Franklin,19 Pasco,Congress 4,CD4,R,Doc Hastings,65,65,
Franklin,20 Pasco,Congress 4,CD4,R,Doc Hastings,45,45,
Franklin,21 Pasco,Congress 4,CD4,R,Doc Hastings,55,55,
Franklin,22 Pasco,Congress 4,CD4,R,Doc Hastings,96,96,
Franklin,23 Pasco,Congress 4,CD4,R,Doc Hastings,234,92,142
Franklin,24 Pasco,Congress 4,CD4,R,Doc Hastings,302,105,197
Franklin,25 Pasco,Congress 4,CD4,R,Doc Hastings,64,64,
Franklin,26 Pasco,Congress 4,CD4,R,Doc Hastings,98,98,
Franklin,27 Pasco,Congress 4,CD4,R,Doc Hastings,68,68,
Franklin,28 Pasco,Congress 4,CD4,R,Doc Hastings,64,64,
Franklin,29 Pasco,Congress 4,CD4,R,Doc Hastings,163,27,136
Franklin,30 Pasco,Congress 4,CD4,R,Doc Hastings,44,4,40
Franklin,31 Pasco,Congress 4,CD4,R,Doc Hastings,267,32,235
Franklin,32 Pasco,Congress 4,CD4,R,Doc Hastings,245,124,121
Franklin,33 Pasco,Congress 4,CD4,R,Doc Hastings,200,82,118
Franklin,34,Congress 4,CD4,R,Doc Hastings,11,11,
Franklin,35,Congress 4,CD4,R,Doc Hastings,44,44,
Franklin,36,Congress 4,CD4,R,Doc Hastings,126,126,
Franklin,37,Congress 4,CD4,R,Doc Hastings,138,138,
Franklin,38,Congress 4,CD4,R,Doc Hastings,37,8,29
Franklin,39,Congress 4,CD4,R,Doc Hastings,65,23,42
Franklin,40,Congress 4,CD4,R,Doc Hastings,120,46,74
Franklin,41,Congress 4,CD4,R,Doc Hastings,194,92,102
Franklin,42,Congress 4,CD4,R,Doc Hastings,145,61,84
Franklin,43,Congress 4,CD4,R,Doc Hastings,76,25,51
Franklin,44,Congress 4,CD4,R,Doc Hastings,102,102,
Franklin,45,Congress 4,CD4,R,Doc Hastings,74,74,
Franklin,46,Congress 4,CD4,R,Doc Hastings,105,105,
Franklin,47,Congress 4,CD4,R,Doc Hastings,119,119,
Franklin,48,Congress 4,CD4,R,Doc Hastings,157,157,
Franklin,49,Congress 4,CD4,R,Doc Hastings,36,36,
Franklin,50,Congress 4,CD4,R,Doc Hastings,66,66,
Franklin,51,Congress 4,CD4,R,Doc Hastings,67,67,
Franklin,52,Congress 4,CD4,R,Doc Hastings,95,95,
Franklin,53,Congress 4,CD4,R,Doc Hastings,97,97,
Franklin,54,Congress 4,CD4,R,Doc Hastings,158,158,
Franklin,55,Congress 4,CD4,R,Doc Hastings,72,72,
Franklin,56,Congress 4,CD4,R,Doc Hastings,88,88,
Franklin,57,Congress 4,CD4,R,Doc Hastings,51,51,
Franklin,58,Congress 4,CD4,R,Doc Hastings,83,83,
Franklin,59,Congress 4,CD4,R,Doc Hastings,54,54,
Franklin,60,Congress 4,CD4,R,Doc Hastings,25,25,
Franklin,61,Congress 4,CD4,R,Doc Hastings,76,76,
Franklin,62,Congress 4,CD4,R,Doc Hastings,29,29,
Franklin,63,Congress 4,CD4,R,Doc Hastings,91,91,
Franklin,64,Congress 4,CD4,R,Doc Hastings,86,48,38
Franklin,65,Congress 4,CD4,R,Doc Hastings,10,3,7
Franklin,66,Congress 4,CD4,R,Doc Hastings,98,52,46
Franklin,67,Congress 4,CD4,R,Doc Hastings,95,57,38
Franklin,68,Congress 4,CD4,R,Doc Hastings,51,51,
Franklin,69,Congress 4,CD4,R,Doc Hastings,107,107,
Franklin,70,Congress 4,CD4,R,Doc Hastings,23,23,
Franklin,71,Congress 4,CD4,R,Doc Hastings,55,55,
Franklin,72,Congress 4,CD4,R,Doc Hastings,74,74,
Franklin,73,Congress 4,CD4,R,Doc Hastings,101,101,
FRANKLIN WA,FRANKLIN WA,Congress 4,CD4,R,Doc Hastings,6839,4657,2182
Franklin,01 Pasco,Congress 4,CD4,,writeins,0,0,0
Franklin,02 Pasco,Congress 4,CD4,,writeins,3,0,3
Franklin,03 Pasco,Congress 4,CD4,,writeins,1,1,0
Franklin,04 Pasco,Congress 4,CD4,,writeins,0,0,0
Franklin,05 Pasco,Congress 4,CD4,,writeins,2,1,1
Franklin,06 Pasco,Congress 4,CD4,,writeins,2,0,2
Franklin,07 Pasco,Congress 4,CD4,,writeins,0,0,0
Franklin,08 Pasco,Congress 4,CD4,,writeins,1,1,
Franklin,09 Pasco,Congress 4,CD4,,writeins,0,0,
Franklin,10 Pasco,Congress 4,CD4,,writeins,0,0,0
Franklin,11 Pasco,Congress 4,CD4,,writeins,1,1,0
Franklin,12 Pasco,Congress 4,CD4,,writeins,5,4,1
Franklin,13 Pasco,Congress 4,CD4,,writeins,0,0,
Franklin,14 Pasco,Congress 4,CD4,,writeins,4,2,2
Franklin,15 Pasco,Congress 4,CD4,,writeins,1,1,
Franklin,16 Pasco,Congress 4,CD4,,writeins,1,1,
Franklin,17 Pasco,Congress 4,CD4,,writeins,3,3,
Franklin,18 Pasco,Congress 4,CD4,,writeins,0,0,
Franklin,19 Pasco,Congress 4,CD4,,writeins,1,1,
Franklin,20 Pasco,Congress 4,CD4,,writeins,0,0,
Franklin,21 Pasco,Congress 4,CD4,,writeins,0,0,
Franklin,22 Pasco,Congress 4,CD4,,writeins,0,0,
Franklin,23 Pasco,Congress 4,CD4,,writeins,2,0,2
Franklin,24 Pasco,Congress 4,CD4,,writeins,1,1,0
Franklin,25 Pasco,Congress 4,CD4,,writeins,1,1,
Franklin,26 Pasco,Congress 4,CD4,,writeins,0,0,
Franklin,27 Pasco,Congress 4,CD4,,writeins,0,0,
Franklin,28 Pasco,Congress 4,CD4,,writeins,0,0,
Franklin,29 Pasco,Congress 4,CD4,,writeins,1,0,1
Franklin,30 Pasco,Congress 4,CD4,,writeins,0,0,0
Franklin,31 Pasco,Congress 4,CD4,,writeins,3,0,3
Franklin,32 Pasco,Congress 4,CD4,,writeins,0,0,0
Franklin,33 Pasco,Congress 4,CD4,,writeins,1,0,1
Franklin,34,Congress 4,CD4,,writeins,0,0,
Franklin,35,Congress 4,CD4,,writeins,1,1,
Franklin,36,Congress 4,CD4,,writeins,0,0,
Franklin,37,Congress 4,CD4,,writeins,0,0,
Franklin,38,Congress 4,CD4,,writeins,0,0,0
Franklin,39,Congress 4,CD4,,writeins,2,1,1
Franklin,40,Congress 4,CD4,,writeins,0,0,0
Franklin,41,Congress 4,CD4,,writeins,0,0,0
Franklin,42,Congress 4,CD4,,writeins,1,1,0
Franklin,43,Congress 4,CD4,,writeins,0,0,0
Franklin,44,Congress 4,CD4,,writeins,0,0,
Franklin,45,Congress 4,CD4,,writeins,0,0,
Franklin,46,Congress 4,CD4,,writeins,1,1,
Franklin,47,Congress 4,CD4,,writeins,2,2,
Franklin,48,Congress 4,CD4,,writeins,1,1,
Franklin,49,Congress 4,CD4,,writeins,0,0,
Franklin,50,Congress 4,CD4,,writeins,0,0,
Franklin,51,Congress 4,CD4,,writeins,2,2,
Franklin,52,Congress 4,CD4,,writeins,1,1,
Franklin,53,Congress 4,CD4,,writeins,0,0,
Franklin,54,Congress 4,CD4,,writeins,3,3,
Franklin,55,Congress 4,CD4,,writeins,0,0,
Franklin,56,Congress 4,CD4,,writeins,0,0,
Franklin,57,Congress 4,CD4,,writeins,0,0,
Franklin,58,Congress 4,CD4,,writeins,0,0,
Franklin,59,Congress 4,CD4,,writeins,0,0,
Franklin,60,Congress 4,CD4,,writeins,0,0,
Franklin,61,Congress 4,CD4,,writeins,0,0,
Franklin,62,Congress 4,CD4,,writeins,0,0,
Franklin,63,Congress 4,CD4,,writeins,0,0,
Franklin,64,Congress 4,CD4,,writeins,1,0,1
Franklin,65,Congress 4,CD4,,writeins,0,0,0
Franklin,66,Congress 4,CD4,,writeins,0,0,0
Franklin,67,Congress 4,CD4,,writeins,0,0,0
Franklin,68,Congress 4,CD4,,writeins,1,1,
Franklin,69,Congress 4,CD4,,writeins,0,0,
Franklin,70,Congress 4,CD4,,writeins,0,0,
Franklin,71,Congress 4,CD4,,writeins,0,0,
Franklin,72,Congress 4,CD4,,writeins,0,0,
Franklin,73,Congress 4,CD4,,writeins,1,1,
FRANKLIN WA,FRANKLIN WA,Congress 4,CD4,,writeins,51,33,18
Franklin,48,Rep 09-1,HD09-1,R,Don Cox,144,144,
Franklin,49,Rep 09-1,HD09-1,R,Don Cox,35,35,
Franklin,50,Rep 09-1,HD09-1,R,Don Cox,63,63,
Franklin,51,Rep 09-1,HD09-1,R,Don Cox,58,58,
Franklin,52,Rep 09-1,HD09-1,R,Don Cox,73,73,
Franklin,53,Rep 09-1,HD09-1,R,Don Cox,88,88,
Franklin,54,Rep 09-1,HD09-1,R,Don Cox,150,150,
Franklin,55,Rep 09-1,HD09-1,R,Don Cox,66,66,
Franklin,56,Rep 09-1,HD09-1,R,Don Cox,88,88,
Franklin,57,Rep 09-1,HD09-1,R,Don Cox,47,47,
Franklin,58,Rep 09-1,HD09-1,R,Don Cox,80,80,
Franklin,59,Rep 09-1,HD09-1,R,Don Cox,53,53,
Franklin,60,Rep 09-1,HD09-1,R,Don Cox,27,27,
Franklin,61,Rep 09-1,HD09-1,R,Don Cox,60,60,
Franklin,62,Rep 09-1,HD09-1,R,Don Cox,43,43,
Franklin,63,Rep 09-1,HD09-1,R,Don Cox,87,87,
Franklin,64,Rep 09-1,HD09-1,R,Don Cox,99,55,44
Franklin,65,Rep 09-1,HD09-1,R,Don Cox,11,4,7
Franklin,66,Rep 09-1,HD09-1,R,Don Cox,100,53,47
Franklin,67,Rep 09-1,HD09-1,R,Don Cox,105,61,44
Franklin,68,Rep 09-1,HD09-1,R,Don Cox,55,55,
Franklin,69,Rep 09-1,HD09-1,R,Don Cox,104,104,
Franklin,70,Rep 09-1,HD09-1,R,Don Cox,31,31,
Franklin,71,Rep 09-1,HD09-1,R,Don Cox,54,54,
FRANKLIN WA,FRANKLIN WA,Rep 09-1,HD09-1,R,Don Cox,1721,1579,142
Franklin,48,Rep 09-1,HD09-1,,writeins,3,3,
Franklin,49,Rep 09-1,HD09-1,,writeins,0,0,
Franklin,50,Rep 09-1,HD09-1,,writeins,1,1,
Franklin,51,Rep 09-1,HD09-1,,writeins,2,2,
Franklin,52,Rep 09-1,HD09-1,,writeins,1,1,
Franklin,53,Rep 09-1,HD09-1,,writeins,1,1,
Franklin,54,Rep 09-1,HD09-1,,writeins,2,2,
Franklin,55,Rep 09-1,HD09-1,,writeins,1,1,
Franklin,56,Rep 09-1,HD09-1,,writeins,0,0,
Franklin,57,Rep 09-1,HD09-1,,writeins,0,0,
Franklin,58,Rep 09-1,HD09-1,,writeins,1,1,
Franklin,59,Rep 09-1,HD09-1,,writeins,0,0,
Franklin,60,Rep 09-1,HD09-1,,writeins,1,1,
Franklin,61,Rep 09-1,HD09-1,,writeins,2,2,
Franklin,62,Rep 09-1,HD09-1,,writeins,0,0,
Franklin,63,Rep 09-1,HD09-1,,writeins,0,0,
Franklin,64,Rep 09-1,HD09-1,,writeins,4,3,1
Franklin,65,Rep 09-1,HD09-1,,writeins,0,0,0
Franklin,66,Rep 09-1,HD09-1,,writeins,3,1,2
Franklin,67,Rep 09-1,HD09-1,,writeins,4,1,3
Franklin,68,Rep 09-1,HD09-1,,writeins,2,2,
Franklin,69,Rep 09-1,HD09-1,,writeins,1,1,
Franklin,70,Rep 09-1,HD09-1,,writeins,1,1,
Franklin,71,Rep 09-1,HD09-1,,writeins,0,0,
FRANKLIN WA,FRANKLIN WA,Rep 09-1,HD09-1,,writeins,30,24,6
Franklin,48,Rep 09-2,HD09-2,R,Mark Schoesler,146,146,
Franklin,49,Rep 09-2,HD09-2,R,Mark Schoesler,37,37,
Franklin,50,Rep 09-2,HD09-2,R,Mark Schoesler,61,61,
Franklin,51,Rep 09-2,HD09-2,R,Mark Schoesler,61,61,
Franklin,52,Rep 09-2,HD09-2,R,Mark Schoesler,75,75,
Franklin,53,Rep 09-2,HD09-2,R,Mark Schoesler,91,91,
Franklin,54,Rep 09-2,HD09-2,R,Mark Schoesler,149,149,
Franklin,55,Rep 09-2,HD09-2,R,Mark Schoesler,60,60,
Franklin,56,Rep 09-2,HD09-2,R,Mark Schoesler,93,93,
Franklin,57,Rep 09-2,HD09-2,R,Mark Schoesler,44,44,
Franklin,58,Rep 09-2,HD09-2,R,Mark Schoesler,81,81,
Franklin,59,Rep 09-2,HD09-2,R,Mark Schoesler,59,59,
Franklin,60,Rep 09-2,HD09-2,R,Mark Schoesler,30,30,
Franklin,61,Rep 09-2,HD09-2,R,Mark Schoesler,69,69,
Franklin,62,Rep 09-2,HD09-2,R,Mark Schoesler,37,37,
Franklin,63,Rep 09-2,HD09-2,R,Mark Schoesler,85,85,
Franklin,64,Rep 09-2,HD09-2,R,Mark Schoesler,89,50,39
Franklin,65,Rep 09-2,HD09-2,R,Mark Schoesler,7,2,5
Franklin,66,Rep 09-2,HD09-2,R,Mark Schoesler,101,52,49
Franklin,67,Rep 09-2,HD09-2,R,Mark Schoesler,102,56,46
Franklin,68,Rep 09-2,HD09-2,R,Mark Schoesler,59,59,
Franklin,69,Rep 09-2,HD09-2,R,Mark Schoesler,106,106,
Franklin,70,Rep 09-2,HD09-2,R,Mark Schoesler,32,32,
Franklin,71,Rep 09-2,HD09-2,R,Mark Schoesler,52,52,
FRANKLIN WA,FRANKLIN WA,Rep 09-2,HD09-2,R,Mark Schoesler,1726,1587,139
Franklin,48,Rep 09-2,HD09-2,L,John Gearhart,23,23,
Franklin,49,Rep 09-2,HD09-2,L,John Gearhart,3,3,
Franklin,50,Rep 09-2,HD09-2,L,John Gearhart,10,10,
Franklin,51,Rep 09-2,HD09-2,L,John Gearhart,6,6,
Franklin,52,Rep 09-2,HD09-2,L,John Gearhart,11,11,
Franklin,53,Rep 09-2,HD09-2,L,John Gearhart,8,8,
Franklin,54,Rep 09-2,HD09-2,L,John Gearhart,30,30,
Franklin,55,Rep 09-2,HD09-2,L,John Gearhart,8,8,
Franklin,56,Rep 09-2,HD09-2,L,John Gearhart,9,9,
Franklin,57,Rep 09-2,HD09-2,L,John Gearhart,10,10,
Franklin,58,Rep 09-2,HD09-2,L,John Gearhart,11,11,
Franklin,59,Rep 09-2,HD09-2,L,John Gearhart,3,3,
Franklin,60,Rep 09-2,HD09-2,L,John Gearhart,5,5,
Franklin,61,Rep 09-2,HD09-2,L,John Gearhart,8,8,
Franklin,62,Rep 09-2,HD09-2,L,John Gearhart,16,16,
Franklin,63,Rep 09-2,HD09-2,L,John Gearhart,8,8,
Franklin,64,Rep 09-2,HD09-2,L,John Gearhart,24,16,8
Franklin,65,Rep 09-2,HD09-2,L,John Gearhart,6,2,4
Franklin,66,Rep 09-2,HD09-2,L,John Gearhart,17,6,11
Franklin,67,Rep 09-2,HD09-2,L,John Gearhart,25,16,9
Franklin,68,Rep 09-2,HD09-2,L,John Gearhart,3,3,
Franklin,69,Rep 09-2,HD09-2,L,John Gearhart,9,9,
Franklin,70,Rep 09-2,HD09-2,L,John Gearhart,12,12,
Franklin,71,Rep 09-2,HD09-2,L,John Gearhart,9,9,
FRANKLIN WA,FRANKLIN WA,Rep 09-2,HD09-2,L,John Gearhart,274,242,32
Franklin,48,Rep 09-2,HD09-2,,writeins,0,0,
Franklin,49,Rep 09-2,HD09-2,,writeins,0,0,
Franklin,50,Rep 09-2,HD09-2,,writeins,0,0,
Franklin,51,Rep 09-2,HD09-2,,writeins,2,2,
Franklin,52,Rep 09-2,HD09-2,,writeins,0,0,
Franklin,53,Rep 09-2,HD09-2,,writeins,0,0,
Franklin,54,Rep 09-2,HD09-2,,writeins,0,0,
Franklin,55,Rep 09-2,HD09-2,,writeins,0,0,
Franklin,56,Rep 09-2,HD09-2,,writeins,0,0,
Franklin,57,Rep 09-2,HD09-2,,writeins,0,0,
Franklin,58,Rep 09-2,HD09-2,,writeins,0,0,
Franklin,59,Rep 09-2,HD09-2,,writeins,0,0,
Franklin,60,Rep 09-2,HD09-2,,writeins,0,0,
Franklin,61,Rep 09-2,HD09-2,,writeins,0,0,
Franklin,62,Rep 09-2,HD09-2,,writeins,0,0,
Franklin,63,Rep 09-2,HD09-2,,writeins,0,0,
Franklin,64,Rep 09-2,HD09-2,,writeins,3,3,0
Franklin,65,Rep 09-2,HD09-2,,writeins,0,0,0
Franklin,66,Rep 09-2,HD09-2,,writeins,1,1,0
Franklin,67,Rep 09-2,HD09-2,,writeins,1,1,0
Franklin,68,Rep 09-2,HD09-2,,writeins,0,0,
Franklin,69,Rep 09-2,HD09-2,,writeins,0,0,
Franklin,70,Rep 09-2,HD09-2,,writeins,0,0,
Franklin,71,Rep 09-2,HD09-2,,writeins,0,0,
FRANKLIN WA,FRANKLIN WA,Rep 09-2,HD09-2,,writeins,7,7,0
Franklin,01 Pasco,Rep 16-1,HD16-1,D,Jody Clark,110,11,99
Franklin,02 Pasco,Rep 16-1,HD16-1,D,Jody Clark,71,5,66
Franklin,03 Pasco,Rep 16-1,HD16-1,D,Jody Clark,71,23,48
Franklin,04 Pasco,Rep 16-1,HD16-1,D,Jody Clark,79,20,59
Franklin,05 Pasco,Rep 16-1,HD16-1,D,Jody Clark,49,19,30
Franklin,06 Pasco,Rep 16-1,HD16-1,D,Jody Clark,75,9,66
Franklin,07 Pasco,Rep 16-1,HD16-1,D,Jody Clark,55,10,45
Franklin,08 Pasco,Rep 16-1,HD16-1,D,Jody Clark,50,50,
Franklin,09 Pasco,Rep 16-1,HD16-1,D,Jody Clark,32,32,
Franklin,10 Pasco,Rep 16-1,HD16-1,D,Jody Clark,91,30,61
Franklin,11 Pasco,Rep 16-1,HD16-1,D,Jody Clark,133,65,68
Franklin,12 Pasco,Rep 16-1,HD16-1,D,Jody Clark,136,67,69
Franklin,13 Pasco,Rep 16-1,HD16-1,D,Jody Clark,56,56,
Franklin,14 Pasco,Rep 16-1,HD16-1,D,Jody Clark,83,31,52
Franklin,15 Pasco,Rep 16-1,HD16-1,D,Jody Clark,59,59,
Franklin,16 Pasco,Rep 16-1,HD16-1,D,Jody Clark,31,31,
Franklin,17 Pasco,Rep 16-1,HD16-1,D,Jody Clark,50,50,
Franklin,18 Pasco,Rep 16-1,HD16-1,D,Jody Clark,18,18,
Franklin,19 Pasco,Rep 16-1,HD16-1,D,Jody Clark,38,38,
Franklin,20 Pasco,Rep 16-1,HD16-1,D,Jody Clark,36,36,
Franklin,21 Pasco,Rep 16-1,HD16-1,D,Jody Clark,29,29,
Franklin,22 Pasco,Rep 16-1,HD16-1,D,Jody Clark,46,46,
Franklin,23 Pasco,Rep 16-1,HD16-1,D,Jody Clark,98,45,53
Franklin,24 Pasco,Rep 16-1,HD16-1,D,Jody Clark,131,50,81
Franklin,25 Pasco,Rep 16-1,HD16-1,D,Jody Clark,29,29,
Franklin,26 Pasco,Rep 16-1,HD16-1,D,Jody Clark,13,13,
Franklin,27 Pasco,Rep 16-1,HD16-1,D,Jody Clark,22,22,
Franklin,28 Pasco,Rep 16-1,HD16-1,D,Jody Clark,24,24,
Franklin,29 Pasco,Rep 16-1,HD16-1,D,Jody Clark,54,10,44
Franklin,30 Pasco,Rep 16-1,HD16-1,D,Jody Clark,28,0,28
Franklin,31 Pasco,Rep 16-1,HD16-1,D,Jody Clark,111,10,101
Franklin,32 Pasco,Rep 16-1,HD16-1,D,Jody Clark,111,47,64
Franklin,33 Pasco,Rep 16-1,HD16-1,D,Jody Clark,74,35,39
Franklin,34,Rep 16-1,HD16-1,D,Jody Clark,0,0,
Franklin,35,Rep 16-1,HD16-1,D,Jody Clark,21,21,
Franklin,36,Rep 16-1,HD16-1,D,Jody Clark,36,36,
Franklin,37,Rep 16-1,HD16-1,D,Jody Clark,50,50,
Franklin,38,Rep 16-1,HD16-1,D,Jody Clark,6,2,4
Franklin,39,Rep 16-1,HD16-1,D,Jody Clark,19,5,14
Franklin,40,Rep 16-1,HD16-1,D,Jody Clark,40,22,18
Franklin,41,Rep 16-1,HD16-1,D,Jody Clark,81,31,50
Franklin,42,Rep 16-1,HD16-1,D,Jody Clark,55,17,38
Franklin,43,Rep 16-1,HD16-1,D,Jody Clark,40,14,26
Franklin,44,Rep 16-1,HD16-1,D,Jody Clark,23,23,
Franklin,45,Rep 16-1,HD16-1,D,Jody Clark,17,17,
Franklin,46,Rep 16-1,HD16-1,D,Jody Clark,33,33,
Franklin,47,Rep 16-1,HD16-1,D,Jody Clark,56,56,
Franklin,72,Rep 16-1,HD16-1,D,Jody Clark,15,15,
Franklin,73,Rep 16-1,HD16-1,D,Jody Clark,22,22,
FRANKLIN WA,FRANKLIN WA,Rep 16-1,HD16-1,D,Jody Clark,2607,1384,1223
Franklin,01 Pasco,Rep 16-1,HD16-1,R,Dave Mastin,93,16,77
Franklin,02 Pasco,Rep 16-1,HD16-1,R,Dave Mastin,35,5,30
Franklin,03 Pasco,Rep 16-1,HD16-1,R,Dave Mastin,65,24,41
Franklin,04 Pasco,Rep 16-1,HD16-1,R,Dave Mastin,70,36,34
Franklin,05 Pasco,Rep 16-1,HD16-1,R,Dave Mastin,61,28,33
Franklin,06 Pasco,Rep 16-1,HD16-1,R,Dave Mastin,80,11,69
Franklin,07 Pasco,Rep 16-1,HD16-1,R,Dave Mastin,45,15,30
Franklin,08 Pasco,Rep 16-1,HD16-1,R,Dave Mastin,115,115,
Franklin,09 Pasco,Rep 16-1,HD16-1,R,Dave Mastin,38,38,
Franklin,10 Pasco,Rep 16-1,HD16-1,R,Dave Mastin,140,50,90
Franklin,11 Pasco,Rep 16-1,HD16-1,R,Dave Mastin,167,54,113
Franklin,12 Pasco,Rep 16-1,HD16-1,R,Dave Mastin,143,57,86
Franklin,13 Pasco,Rep 16-1,HD16-1,R,Dave Mastin,72,72,
Franklin,14 Pasco,Rep 16-1,HD16-1,R,Dave Mastin,147,70,77
Franklin,15 Pasco,Rep 16-1,HD16-1,R,Dave Mastin,70,70,
Franklin,16 Pasco,Rep 16-1,HD16-1,R,Dave Mastin,26,26,
Franklin,17 Pasco,Rep 16-1,HD16-1,R,Dave Mastin,78,78,
Franklin,18 Pasco,Rep 16-1,HD16-1,R,Dave Mastin,61,61,
Franklin,19 Pasco,Rep 16-1,HD16-1,R,Dave Mastin,69,69,
Franklin,20 Pasco,Rep 16-1,HD16-1,R,Dave Mastin,46,46,
Franklin,21 Pasco,Rep 16-1,HD16-1,R,Dave Mastin,55,55,
Franklin,22 Pasco,Rep 16-1,HD16-1,R,Dave Mastin,93,93,
Franklin,23 Pasco,Rep 16-1,HD16-1,R,Dave Mastin,217,77,140
Franklin,24 Pasco,Rep 16-1,HD16-1,R,Dave Mastin,292,99,193
Franklin,25 Pasco,Rep 16-1,HD16-1,R,Dave Mastin,63,63,
Franklin,26 Pasco,Rep 16-1,HD16-1,R,Dave Mastin,95,95,
Franklin,27 Pasco,Rep 16-1,HD16-1,R,Dave Mastin,70,70,
Franklin,28 Pasco,Rep 16-1,HD16-1,R,Dave Mastin,68,68,
Franklin,29 Pasco,Rep 16-1,HD16-1,R,Dave Mastin,159,28,131
Franklin,30 Pasco,Rep 16-1,HD16-1,R,Dave Mastin,37,3,34
Franklin,31 Pasco,Rep 16-1,HD16-1,R,Dave Mastin,237,28,209
Franklin,32 Pasco,Rep 16-1,HD16-1,R,Dave Mastin,239,109,130
Franklin,33 Pasco,Rep 16-1,HD16-1,R,Dave Mastin,189,75,114
Franklin,34,Rep 16-1,HD16-1,R,Dave Mastin,12,12,
Franklin,35,Rep 16-1,HD16-1,R,Dave Mastin,46,46,
Franklin,36,Rep 16-1,HD16-1,R,Dave Mastin,114,114,
Franklin,37,Rep 16-1,HD16-1,R,Dave Mastin,133,133,
Franklin,38,Rep 16-1,HD16-1,R,Dave Mastin,40,9,31
Franklin,39,Rep 16-1,HD16-1,R,Dave Mastin,65,23,42
Franklin,40,Rep 16-1,HD16-1,R,Dave Mastin,128,46,82
Franklin,41,Rep 16-1,HD16-1,R,Dave Mastin,177,87,90
Franklin,42,Rep 16-1,HD16-1,R,Dave Mastin,145,59,86
Franklin,43,Rep 16-1,HD16-1,R,Dave Mastin,65,18,47
Franklin,44,Rep 16-1,HD16-1,R,Dave Mastin,91,91,
Franklin,45,Rep 16-1,HD16-1,R,Dave Mastin,76,76,
Franklin,46,Rep 16-1,HD16-1,R,Dave Mastin,101,101,
Franklin,47,Rep 16-1,HD16-1,R,Dave Mastin,114,114,
Franklin,72,Rep 16-1,HD16-1,R,Dave Mastin,71,71,
Franklin,73,Rep 16-1,HD16-1,R,Dave Mastin,99,99,
FRANKLIN WA,FRANKLIN WA,Rep 16-1,HD16-1,R,Dave Mastin,4912,2903,2009
Franklin,01 Pasco,Rep 16-1,HD16-1,,writeins,0,0,0
Franklin,02 Pasco,Rep 16-1,HD16-1,,writeins,2,0,2
Franklin,03 Pasco,Rep 16-1,HD16-1,,writeins,0,0,0
Franklin,04 Pasco,Rep 16-1,HD16-1,,writeins,0,0,0
Franklin,05 Pasco,Rep 16-1,HD16-1,,writeins,1,1,0
Franklin,06 Pasco,Rep 16-1,HD16-1,,writeins,0,0,0
Franklin,07 Pasco,Rep 16-1,HD16-1,,writeins,0,0,0
Franklin,08 Pasco,Rep 16-1,HD16-1,,writeins,0,0,
Franklin,09 Pasco,Rep 16-1,HD16-1,,writeins,0,0,
Franklin,10 Pasco,Rep 16-1,HD16-1,,writeins,0,0,0
Franklin,11 Pasco,Rep 16-1,HD16-1,,writeins,0,0,0
Franklin,12 Pasco,Rep 16-1,HD16-1,,writeins,0,0,0
Franklin,13 Pasco,Rep 16-1,HD16-1,,writeins,0,0,
Franklin,14 Pasco,Rep 16-1,HD16-1,,writeins,0,0,0
Franklin,15 Pasco,Rep 16-1,HD16-1,,writeins,0,0,
Franklin,16 Pasco,Rep 16-1,HD16-1,,writeins,0,0,
Franklin,17 Pasco,Rep 16-1,HD16-1,,writeins,1,1,
Franklin,18 Pasco,Rep 16-1,HD16-1,,writeins,0,0,
Franklin,19 Pasco,Rep 16-1,HD16-1,,writeins,0,0,
Franklin,20 Pasco,Rep 16-1,HD16-1,,writeins,0,0,
Franklin,21 Pasco,Rep 16-1,HD16-1,,writeins,0,0,
Franklin,22 Pasco,Rep 16-1,HD16-1,,writeins,1,1,
Franklin,23 Pasco,Rep 16-1,HD16-1,,writeins,0,0,0
Franklin,24 Pasco,Rep 16-1,HD16-1,,writeins,3,2,1
Franklin,25 Pasco,Rep 16-1,HD16-1,,writeins,1,1,
Franklin,26 Pasco,Rep 16-1,HD16-1,,writeins,3,3,
Franklin,27 Pasco,Rep 16-1,HD16-1,,writeins,0,0,
Franklin,28 Pasco,Rep 16-1,HD16-1,,writeins,0,0,
Franklin,29 Pasco,Rep 16-1,HD16-1,,writeins,2,0,2
Franklin,30 Pasco,Rep 16-1,HD16-1,,writeins,0,0,0
Franklin,31 Pasco,Rep 16-1,HD16-1,,writeins,0,0,0
Franklin,32 Pasco,Rep 16-1,HD16-1,,writeins,0,0,0
Franklin,33 Pasco,Rep 16-1,HD16-1,,writeins,0,0,0
Franklin,34,Rep 16-1,HD16-1,,writeins,0,0,
Franklin,35,Rep 16-1,HD16-1,,writeins,0,0,
Franklin,36,Rep 16-1,HD16-1,,writeins,0,0,
Franklin,37,Rep 16-1,HD16-1,,writeins,0,0,
Franklin,38,Rep 16-1,HD16-1,,writeins,0,0,0
Franklin,39,Rep 16-1,HD16-1,,writeins,0,0,0
Franklin,40,Rep 16-1,HD16-1,,writeins,0,0,0
Franklin,41,Rep 16-1,HD16-1,,writeins,1,1,0
Franklin,42,Rep 16-1,HD16-1,,writeins,0,0,0
Franklin,43,Rep 16-1,HD16-1,,writeins,0,0,0
Franklin,44,Rep 16-1,HD16-1,,writeins,0,0,
Franklin,45,Rep 16-1,HD16-1,,writeins,1,1,
Franklin,46,Rep 16-1,HD16-1,,writeins,0,0,
Franklin,47,Rep 16-1,HD16-1,,writeins,0,0,
Franklin,72,Rep 16-1,HD16-1,,writeins,0,0,
Franklin,73,Rep 16-1,HD16-1,,writeins,1,1,
FRANKLIN WA,FRANKLIN WA,Rep 16-1,HD16-1,,writeins,17,12,5
Franklin,01 Pasco,Rep 16-2,HD16-2,D,Bill Grant,175,22,153
Franklin,02 Pasco,Rep 16-2,HD16-2,D,Bill Grant,92,7,85
Franklin,03 Pasco,Rep 16-2,HD16-2,D,Bill Grant,115,36,79
Franklin,04 Pasco,Rep 16-2,HD16-2,D,Bill Grant,121,43,78
Franklin,05 Pasco,Rep 16-2,HD16-2,D,Bill Grant,91,37,54
Franklin,06 Pasco,Rep 16-2,HD16-2,D,Bill Grant,131,18,113
Franklin,07 Pasco,Rep 16-2,HD16-2,D,Bill Grant,85,21,64
Franklin,08 Pasco,Rep 16-2,HD16-2,D,Bill Grant,120,120,
Franklin,09 Pasco,Rep 16-2,HD16-2,D,Bill Grant,53,53,
Franklin,10 Pasco,Rep 16-2,HD16-2,D,Bill Grant,188,64,124
Franklin,11 Pasco,Rep 16-2,HD16-2,D,Bill Grant,241,96,145
Franklin,12 Pasco,Rep 16-2,HD16-2,D,Bill Grant,229,97,132
Franklin,13 Pasco,Rep 16-2,HD16-2,D,Bill Grant,100,100,
Franklin,14 Pasco,Rep 16-2,HD16-2,D,Bill Grant,169,67,102
Franklin,15 Pasco,Rep 16-2,HD16-2,D,Bill Grant,105,105,
Franklin,16 Pasco,Rep 16-2,HD16-2,D,Bill Grant,41,41,
Franklin,17 Pasco,Rep 16-2,HD16-2,D,Bill Grant,101,101,
Franklin,18 Pasco,Rep 16-2,HD16-2,D,Bill Grant,54,54,
Franklin,19 Pasco,Rep 16-2,HD16-2,D,Bill Grant,96,96,
Franklin,20 Pasco,Rep 16-2,HD16-2,D,Bill Grant,70,70,
Franklin,21 Pasco,Rep 16-2,HD16-2,D,Bill Grant,68,68,
Franklin,22 Pasco,Rep 16-2,HD16-2,D,Bill Grant,95,95,
Franklin,23 Pasco,Rep 16-2,HD16-2,D,Bill Grant,229,85,144
Franklin,24 Pasco,Rep 16-2,HD16-2,D,Bill Grant,317,112,205
Franklin,25 Pasco,Rep 16-2,HD16-2,D,Bill Grant,75,75,
Franklin,26 Pasco,Rep 16-2,HD16-2,D,Bill Grant,80,80,
Franklin,27 Pasco,Rep 16-2,HD16-2,D,Bill Grant,66,66,
Franklin,28 Pasco,Rep 16-2,HD16-2,D,Bill Grant,65,65,
Franklin,29 Pasco,Rep 16-2,HD16-2,D,Bill Grant,127,20,107
Franklin,30 Pasco,Rep 16-2,HD16-2,D,Bill Grant,50,2,48
Franklin,31 Pasco,Rep 16-2,HD16-2,D,Bill Grant,239,21,218
Franklin,32 Pasco,Rep 16-2,HD16-2,D,Bill Grant,266,121,145
Franklin,33 Pasco,Rep 16-2,HD16-2,D,Bill Grant,179,76,103
Franklin,34,Rep 16-2,HD16-2,D,Bill Grant,8,8,
Franklin,35,Rep 16-2,HD16-2,D,Bill Grant,48,48,
Franklin,36,Rep 16-2,HD16-2,D,Bill Grant,98,98,
Franklin,37,Rep 16-2,HD16-2,D,Bill Grant,125,125,
Franklin,38,Rep 16-2,HD16-2,D,Bill Grant,30,7,23
Franklin,39,Rep 16-2,HD16-2,D,Bill Grant,52,16,36
Franklin,40,Rep 16-2,HD16-2,D,Bill Grant,124,46,78
Franklin,41,Rep 16-2,HD16-2,D,Bill Grant,187,81,106
Franklin,42,Rep 16-2,HD16-2,D,Bill Grant,130,36,94
Franklin,43,Rep 16-2,HD16-2,D,Bill Grant,76,20,56
Franklin,44,Rep 16-2,HD16-2,D,Bill Grant,80,80,
Franklin,45,Rep 16-2,HD16-2,D,Bill Grant,62,62,
Franklin,46,Rep 16-2,HD16-2,D,Bill Grant,96,96,
Franklin,47,Rep 16-2,HD16-2,D,Bill Grant,110,110,
Franklin,72,Rep 16-2,HD16-2,D,Bill Grant,63,63,
Franklin,73,Rep 16-2,HD16-2,D,Bill Grant,86,86,
FRANKLIN WA,FRANKLIN WA,Rep 16-2,HD16-2,D,Bill Grant,5608,3116,2492
Franklin,01 Pasco,Rep 16-2,HD16-2,,writeins,4,0,4
Franklin,02 Pasco,Rep 16-2,HD16-2,,writeins,5,0,5
Franklin,03 Pasco,Rep 16-2,HD16-2,,writeins,7,5,2
Franklin,04 Pasco,Rep 16-2,HD16-2,,writeins,6,5,1
Franklin,05 Pasco,Rep 16-2,HD16-2,,writeins,4,2,2
Franklin,06 Pasco,Rep 16-2,HD16-2,,writeins,3,1,2
Franklin,07 Pasco,Rep 16-2,HD16-2,,writeins,4,1,3
Franklin,08 Pasco,Rep 16-2,HD16-2,,writeins,2,2,
Franklin,09 Pasco,Rep 16-2,HD16-2,,writeins,4,4,
Franklin,10 Pasco,Rep 16-2,HD16-2,,writeins,6,2,4
Franklin,11 Pasco,Rep 16-2,HD16-2,,writeins,8,6,2
Franklin,12 Pasco,Rep 16-2,HD16-2,,writeins,9,7,2
Franklin,13 Pasco,Rep 16-2,HD16-2,,writeins,7,7,
Franklin,14 Pasco,Rep 16-2,HD16-2,,writeins,10,10,0
Franklin,15 Pasco,Rep 16-2,HD16-2,,writeins,5,5,
Franklin,16 Pasco,Rep 16-2,HD16-2,,writeins,7,7,
Franklin,17 Pasco,Rep 16-2,HD16-2,,writeins,3,3,
Franklin,18 Pasco,Rep 16-2,HD16-2,,writeins,0,0,
Franklin,19 Pasco,Rep 16-2,HD16-2,,writeins,2,2,
Franklin,20 Pasco,Rep 16-2,HD16-2,,writeins,2,2,
Franklin,21 Pasco,Rep 16-2,HD16-2,,writeins,3,3,
Franklin,22 Pasco,Rep 16-2,HD16-2,,writeins,4,4,
Franklin,23 Pasco,Rep 16-2,HD16-2,,writeins,7,3,4
Franklin,24 Pasco,Rep 16-2,HD16-2,,writeins,10,6,4
Franklin,25 Pasco,Rep 16-2,HD16-2,,writeins,3,3,
Franklin,26 Pasco,Rep 16-2,HD16-2,,writeins,0,0,
Franklin,27 Pasco,Rep 16-2,HD16-2,,writeins,3,3,
Franklin,28 Pasco,Rep 16-2,HD16-2,,writeins,1,1,
Franklin,29 Pasco,Rep 16-2,HD16-2,,writeins,10,4,6
Franklin,30 Pasco,Rep 16-2,HD16-2,,writeins,2,0,2
Franklin,31 Pasco,Rep 16-2,HD16-2,,writeins,15,1,14
Franklin,32 Pasco,Rep 16-2,HD16-2,,writeins,7,3,4
Franklin,33 Pasco,Rep 16-2,HD16-2,,writeins,7,3,4
Franklin,34,Rep 16-2,HD16-2,,writeins,0,0,
Franklin,35,Rep 16-2,HD16-2,,writeins,1,1,
Franklin,36,Rep 16-2,HD16-2,,writeins,7,7,
Franklin,37,Rep 16-2,HD16-2,,writeins,3,3,
Franklin,38,Rep 16-2,HD16-2,,writeins,1,1,0
Franklin,39,Rep 16-2,HD16-2,,writeins,4,1,3
Franklin,40,Rep 16-2,HD16-2,,writeins,2,1,1
Franklin,41,Rep 16-2,HD16-2,,writeins,10,5,5
Franklin,42,Rep 16-2,HD16-2,,writeins,10,7,3
Franklin,43,Rep 16-2,HD16-2,,writeins,3,2,1
Franklin,44,Rep 16-2,HD16-2,,writeins,6,6,
Franklin,45,Rep 16-2,HD16-2,,writeins,5,5,
Franklin,46,Rep 16-2,HD16-2,,writeins,10,10,
Franklin,47,Rep 16-2,HD16-2,,writeins,6,6,
Franklin,72,Rep 16-2,HD16-2,,writeins,4,4,
Franklin,73,Rep 16-2,HD16-2,,writeins,4,4,
FRANKLIN WA,FRANKLIN WA,Rep 16-2,HD16-2,,writeins,246,168,78
